invoice_id,customer_id,invoice_number,invoice_date,due_date,currency,amount_cents,balance_cents,status
1,1,INV-001-00001,2025-08-08,2025-09-07,USD,2136000,210935,partially_paid
2,1,INV-001-00002,2025-10-02,2025-11-01,USD,4925400,1869736,disputed
3,1,INV-001-00003,2025-07-28,2025-08-27,USD,1383500,979091,open
4,1,INV-001-00004,2025-11-02,2025-12-02,USD,1715100,1103848,disputed
5,1,INV-001-00005,2025-07-31,2025-08-30,USD,3471100,2347621,disputed
6,1,INV-001-00006,2025-10-27,2025-11-26,USD,4894000,3431338,disputed
7,1,INV-001-00007,2025-08-13,2025-09-12,USD,2673600,1569107,partially_paid
8,1,INV-001-00008,2025-09-15,2025-10-15,USD,2288000,446542,open
9,2,INV-002-00009,2025-10-14,2025-11-13,USD,4933300,2137943,partially_paid
10,2,INV-002-00010,2025-10-24,2025-11-23,USD,4179000,3799272,open
11,2,INV-002-00011,2025-10-03,2025-11-02,USD,4244700,3263073,disputed
12,2,INV-002-00012,2025-09-19,2025-10-19,USD,1249200,482873,partially_paid
13,2,INV-002-00013,2025-08-18,2025-09-17,USD,2509300,1879686,disputed
14,2,INV-002-00014,2025-09-16,2025-10-16,USD,1853800,1288934,partially_paid
15,2,INV-002-00015,2025-10-13,2025-11-12,USD,780100,486809,partially_paid
16,2,INV-002-00016,2025-09-25,2025-10-25,USD,4709100,3268004,disputed
17,2,INV-002-00017,2025-08-26,2025-09-25,USD,1540300,1503531,open
18,2,INV-002-00018,2025-09-20,2025-10-20,USD,2467700,1843841,open
19,2,INV-002-00019,2025-09-22,2025-10-22,USD,2923600,1121609,open
20,2,INV-002-00020,2025-08-04,2025-09-03,USD,3409300,1285592,partially_paid
21,2,INV-002-00021,2025-10-22,2025-11-21,USD,2825800,2436474,open
22,2,INV-002-00022,2025-07-27,2025-08-26,USD,794900,534942,open
23,2,INV-002-00023,2025-10-18,2025-11-17,USD,4817500,1907375,disputed
24,2,INV-002-00024,2025-08-10,2025-09-09,USD,3137500,1364497,open
25,2,INV-002-00025,2025-08-12,2025-09-11,USD,925300,622124,open
26,2,INV-002-00026,2025-10-13,2025-11-12,USD,2821100,1316367,partially_paid
27,3,INV-003-00027,2025-09-30,2025-10-30,USD,4215800,2879035,partially_paid
28,3,INV-003-00028,2025-10-17,2025-11-16,USD,3719500,2022162,partially_paid
29,3,INV-003-00029,2025-10-12,2025-11-11,USD,591300,229630,open
30,3,INV-003-00030,2025-07-30,2025-08-29,USD,3685000,2239971,open
31,3,INV-003-00031,2025-07-29,2025-08-28,USD,4357600,879720,open
32,3,INV-003-00032,2025-08-24,2025-09-23,USD,2554800,1240899,disputed
33,4,INV-004-00033,2025-10-16,2025-11-15,USD,3984100,3508195,open
34,4,INV-004-00034,2025-09-27,2025-10-27,USD,764400,373584,open
35,4,INV-004-00035,2025-08-24,2025-09-23,USD,269800,235598,partially_paid
36,4,INV-004-00036,2025-09-30,2025-10-30,USD,748600,366366,open
37,4,INV-004-00037,2025-09-29,2025-10-29,USD,316700,257358,partially_paid
38,4,INV-004-00038,2025-11-16,2025-12-16,USD,2571400,1864989,partially_paid
39,4,INV-004-00039,2025-08-05,2025-09-04,USD,905600,678478,partially_paid
40,4,INV-004-00040,2025-09-16,2025-10-16,USD,1992400,1603863,disputed
41,4,INV-004-00041,2025-11-04,2025-12-04,USD,4226200,3770338,partially_paid
42,4,INV-004-00042,2025-08-22,2025-09-21,USD,2728900,1945576,open
43,4,INV-004-00043,2025-09-21,2025-10-21,USD,2747000,1448216,open
44,4,INV-004-00044,2025-07-31,2025-08-30,USD,2596000,2018208,disputed
45,4,INV-004-00045,2025-09-21,2025-10-21,USD,3967800,3019712,partially_paid
46,4,INV-004-00046,2025-11-01,2025-12-01,USD,4647200,1528718,partially_paid
47,4,INV-004-00047,2025-07-26,2025-08-25,USD,533000,420880,open
48,4,INV-004-00048,2025-08-23,2025-09-22,USD,3848700,494781,partially_paid
49,4,INV-004-00049,2025-10-23,2025-11-22,USD,2953200,2016569,disputed
50,4,INV-004-00050,2025-07-30,2025-08-29,USD,3154800,1826508,disputed
51,4,INV-004-00051,2025-11-10,2025-12-10,USD,2583300,1881397,open
52,4,INV-004-00052,2025-08-01,2025-08-31,USD,4992600,2066284,disputed
53,5,INV-005-00053,2025-08-30,2025-09-29,USD,1545600,808699,open
54,5,INV-005-00054,2025-09-17,2025-10-17,USD,3974400,3214926,partially_paid
55,5,INV-005-00055,2025-10-02,2025-11-01,USD,3913100,3082001,open
56,5,INV-005-00056,2025-08-12,2025-09-11,USD,4176400,1791917,partially_paid
57,5,INV-005-00057,2025-09-03,2025-10-03,USD,2538600,1756292,disputed
58,5,INV-005-00058,2025-10-22,2025-11-21,USD,685400,331988,partially_paid
59,5,INV-005-00059,2025-11-04,2025-12-04,USD,2196300,1185614,open
60,5,INV-005-00060,2025-10-09,2025-11-08,USD,1401500,395554,open
61,5,INV-005-00061,2025-11-05,2025-12-05,USD,2607100,514966,partially_paid
62,5,INV-005-00062,2025-10-20,2025-11-19,USD,1216100,535908,open
63,5,INV-005-00063,2025-10-30,2025-11-29,USD,1571600,1280920,open
64,5,INV-005-00064,2025-10-25,2025-11-24,USD,2562400,1264530,open
65,5,INV-005-00065,2025-10-04,2025-11-03,USD,643200,237573,open
66,5,INV-005-00066,2025-09-26,2025-10-26,USD,4778100,1689869,open
67,6,INV-006-00067,2025-09-26,2025-10-26,USD,712600,393914,disputed
68,6,INV-006-00068,2025-10-14,2025-11-13,USD,4165000,3341360,partially_paid
69,6,INV-006-00069,2025-11-04,2025-12-04,USD,3192600,1506723,open
70,6,INV-006-00070,2025-11-11,2025-12-11,USD,1025800,914785,partially_paid
71,6,INV-006-00071,2025-10-12,2025-11-11,USD,1772800,1745763,partially_paid
72,6,INV-006-00072,2025-09-23,2025-10-23,USD,1216700,665190,disputed
73,6,INV-006-00073,2025-09-20,2025-10-20,USD,1258900,1165750,open
74,6,INV-006-00074,2025-08-21,2025-09-20,USD,3074600,1976201,partially_paid
75,6,INV-006-00075,2025-09-25,2025-10-25,USD,284600,280928,disputed
76,6,INV-006-00076,2025-09-14,2025-10-14,USD,2838600,1049072,partially_paid
77,6,INV-006-00077,2025-10-14,2025-11-13,USD,382800,190546,open
78,6,INV-006-00078,2025-07-24,2025-08-23,USD,200900,115005,open
79,6,INV-006-00079,2025-09-19,2025-10-19,USD,4533600,3325223,open
80,6,INV-006-00080,2025-10-03,2025-11-02,USD,1998800,925816,open
81,6,INV-006-00081,2025-10-12,2025-11-11,USD,3815900,1778204,open
82,7,INV-007-00082,2025-10-17,2025-11-16,USD,2320400,1551184,open
83,7,INV-007-00083,2025-10-10,2025-11-09,USD,2052000,1847237,partially_paid
84,7,INV-007-00084,2025-08-16,2025-09-15,USD,2352600,245446,partially_paid
85,7,INV-007-00085,2025-09-29,2025-10-29,USD,3845500,1132458,partially_paid
86,7,INV-007-00086,2025-10-10,2025-11-09,USD,2395100,809769,partially_paid
87,7,INV-007-00087,2025-08-12,2025-09-11,USD,3415400,1481051,partially_paid
88,7,INV-007-00088,2025-10-21,2025-11-20,USD,3148600,1042867,partially_paid
89,7,INV-007-00089,2025-11-19,2025-12-19,USD,1847800,1237713,partially_paid
90,7,INV-007-00090,2025-09-08,2025-10-08,USD,4587900,4495318,open
91,7,INV-007-00091,2025-11-08,2025-12-08,USD,978300,266688,disputed
92,7,INV-007-00092,2025-08-13,2025-09-12,USD,1734300,1018291,partially_paid
93,7,INV-007-00093,2025-11-12,2025-12-12,USD,2253000,1413329,open
94,7,INV-007-00094,2025-10-31,2025-11-30,USD,3818500,1200026,open
95,7,INV-007-00095,2025-09-30,2025-10-30,USD,4122400,369475,open
96,7,INV-007-00096,2025-10-18,2025-11-17,USD,3836800,2890205,partially_paid
97,7,INV-007-00097,2025-09-30,2025-10-30,USD,4776500,4171425,partially_paid
98,7,INV-007-00098,2025-09-01,2025-10-01,USD,4816300,416057,open
99,7,INV-007-00099,2025-09-11,2025-10-11,USD,1198400,657583,open
100,8,INV-008-00100,2025-10-23,2025-11-22,USD,2995200,1687930,partially_paid
101,8,INV-008-00101,2025-10-05,2025-11-04,USD,3086500,3031839,open
102,8,INV-008-00102,2025-11-13,2025-12-13,USD,1434200,1075969,open
103,8,INV-008-00103,2025-08-26,2025-09-25,USD,1843800,750296,open
104,8,INV-008-00104,2025-08-25,2025-09-24,USD,3267800,1986967,open
105,8,INV-008-00105,2025-10-18,2025-11-17,USD,997000,315181,open
106,8,INV-008-00106,2025-10-15,2025-11-14,USD,2338900,1109137,open
107,8,INV-008-00107,2025-11-02,2025-12-02,USD,2207900,748337,partially_paid
108,8,INV-008-00108,2025-11-01,2025-12-01,USD,2197800,1209476,partially_paid
109,8,INV-008-00109,2025-10-14,2025-11-13,USD,327900,324886,partially_paid
110,8,INV-008-00110,2025-10-28,2025-11-27,USD,4764800,3762791,open
111,8,INV-008-00111,2025-07-29,2025-08-28,USD,2985600,732985,open
112,8,INV-008-00112,2025-08-06,2025-09-05,USD,4340100,2949123,partially_paid
113,8,INV-008-00113,2025-10-10,2025-11-09,USD,4024300,3239765,partially_paid
114,8,INV-008-00114,2025-07-27,2025-08-26,USD,4280900,2729862,open
115,8,INV-008-00115,2025-08-04,2025-09-03,USD,4992400,4453194,open
116,8,INV-008-00116,2025-08-06,2025-09-05,USD,2125000,1236563,open
117,8,INV-008-00117,2025-10-16,2025-11-15,USD,2771200,1955135,disputed
118,9,INV-009-00118,2025-09-13,2025-10-13,USD,2586300,616601,partially_paid
119,9,INV-009-00119,2025-08-15,2025-09-14,USD,4930400,3721667,open
120,9,INV-009-00120,2025-10-09,2025-11-08,USD,2002300,1819889,partially_paid
121,9,INV-009-00121,2025-08-19,2025-09-18,USD,2258100,2201794,open
122,9,INV-009-00122,2025-09-08,2025-10-08,USD,3840800,3394827,partially_paid
123,9,INV-009-00123,2025-10-31,2025-11-30,USD,1334400,754373,open
124,9,INV-009-00124,2025-11-06,2025-12-06,USD,2706400,1609487,disputed
125,9,INV-009-00125,2025-11-07,2025-12-07,USD,3919800,3616465,disputed
126,9,INV-009-00126,2025-08-31,2025-09-30,USD,3806200,2468868,open
127,9,INV-009-00127,2025-10-21,2025-11-20,USD,3743500,3471397,open
128,10,INV-010-00128,2025-11-17,2025-12-17,USD,1731700,331543,open
129,10,INV-010-00129,2025-09-27,2025-10-27,USD,254500,130676,open
130,10,INV-010-00130,2025-09-20,2025-10-20,USD,1043600,171679,open
131,10,INV-010-00131,2025-08-10,2025-09-09,USD,1467600,578305,open
132,10,INV-010-00132,2025-11-06,2025-12-06,USD,1715200,690142,disputed
133,11,INV-011-00133,2025-10-06,2025-11-05,USD,4297000,1990451,open
134,11,INV-011-00134,2025-07-29,2025-08-28,USD,3833200,2954898,disputed
135,11,INV-011-00135,2025-07-24,2025-08-23,USD,1787600,1255338,partially_paid
136,11,INV-011-00136,2025-08-25,2025-09-24,USD,2657800,2151222,partially_paid
137,11,INV-011-00137,2025-11-07,2025-12-07,USD,1976400,1481501,disputed
138,11,INV-011-00138,2025-10-27,2025-11-26,USD,2526500,1554945,open
139,11,INV-011-00139,2025-08-25,2025-09-24,USD,4205900,2417139,open
140,11,INV-011-00140,2025-09-22,2025-10-22,USD,1190300,870742,open
141,11,INV-011-00141,2025-08-15,2025-09-14,USD,818300,780697,partially_paid
142,11,INV-011-00142,2025-08-16,2025-09-15,USD,3329000,2235759,partially_paid
143,11,INV-011-00143,2025-09-19,2025-10-19,USD,573800,477386,open
144,11,INV-011-00144,2025-10-29,2025-11-28,USD,1471300,865062,partially_paid
145,11,INV-011-00145,2025-09-04,2025-10-04,USD,2858800,2088705,partially_paid
146,11,INV-011-00146,2025-08-09,2025-09-08,USD,3396600,2454353,open
147,11,INV-011-00147,2025-08-15,2025-09-14,USD,343500,191195,partially_paid
148,11,INV-011-00148,2025-07-30,2025-08-29,USD,949100,249107,open
149,11,INV-011-00149,2025-08-23,2025-09-22,USD,1338300,1080488,open
150,11,INV-011-00150,2025-11-15,2025-12-15,USD,3359800,1184051,open
151,11,INV-011-00151,2025-10-23,2025-11-22,USD,1628800,685291,partially_paid
152,12,INV-012-00152,2025-10-30,2025-11-29,USD,1372200,662137,partially_paid
153,12,INV-012-00153,2025-11-15,2025-12-15,USD,3645000,1588293,open
154,12,INV-012-00154,2025-10-27,2025-11-26,USD,1917500,771739,open
155,12,INV-012-00155,2025-11-04,2025-12-04,USD,3844400,2375800,partially_paid
156,12,INV-012-00156,2025-09-18,2025-10-18,USD,4082700,1997846,open
157,12,INV-012-00157,2025-08-05,2025-09-04,USD,3653100,3416213,open
158,12,INV-012-00158,2025-11-19,2025-12-19,USD,1896700,666960,open
159,12,INV-012-00159,2025-08-03,2025-09-02,USD,4312500,1111182,open
160,13,INV-013-00160,2025-10-01,2025-10-31,USD,4816700,3489404,open
161,13,INV-013-00161,2025-10-12,2025-11-11,USD,2443100,1134605,open
162,13,INV-013-00162,2025-08-10,2025-09-09,USD,4520100,2511528,disputed
163,13,INV-013-00163,2025-09-21,2025-10-21,USD,4085000,2966584,open
164,13,INV-013-00164,2025-09-06,2025-10-06,USD,3867900,2212802,open
165,13,INV-013-00165,2025-08-29,2025-09-28,USD,3497500,1511458,partially_paid
166,13,INV-013-00166,2025-08-07,2025-09-06,USD,3887700,2798908,disputed
167,13,INV-013-00167,2025-08-13,2025-09-12,USD,678000,297309,partially_paid
168,13,INV-013-00168,2025-11-03,2025-12-03,USD,1808200,1193908,open
169,13,INV-013-00169,2025-09-19,2025-10-19,USD,4828600,1759393,partially_paid
170,14,INV-014-00170,2025-10-15,2025-11-14,USD,1480300,880507,partially_paid
171,14,INV-014-00171,2025-08-08,2025-09-07,USD,856300,519192,partially_paid
172,14,INV-014-00172,2025-10-13,2025-11-12,USD,1420100,987912,open
173,14,INV-014-00173,2025-10-26,2025-11-25,USD,2197500,284185,partially_paid
174,14,INV-014-00174,2025-10-15,2025-11-14,USD,4696500,4406424,partially_paid
175,14,INV-014-00175,2025-08-24,2025-09-23,USD,3792300,3397165,open
176,14,INV-014-00176,2025-08-12,2025-09-11,USD,4500600,2518969,open
177,14,INV-014-00177,2025-11-11,2025-12-11,USD,4673800,4412242,open
178,15,INV-015-00178,2025-11-01,2025-12-01,USD,4066300,2038767,open
179,15,INV-015-00179,2025-10-15,2025-11-14,USD,811600,325610,disputed
180,15,INV-015-00180,2025-11-15,2025-12-15,USD,261900,199858,open
181,15,INV-015-00181,2025-10-26,2025-11-25,USD,2942000,2710811,open
182,15,INV-015-00182,2025-10-01,2025-10-31,USD,3599700,3328291,open
183,15,INV-015-00183,2025-08-24,2025-09-23,USD,2585700,1793530,open
184,15,INV-015-00184,2025-10-14,2025-11-13,USD,1411500,1195880,open
185,15,INV-015-00185,2025-08-11,2025-09-10,USD,3938000,2629174,disputed
186,15,INV-015-00186,2025-07-31,2025-08-30,USD,3125900,1764299,disputed
187,16,INV-016-00187,2025-09-29,2025-10-29,USD,4428700,3703154,open
188,16,INV-016-00188,2025-09-09,2025-10-09,USD,984800,614281,partially_paid
189,16,INV-016-00189,2025-11-17,2025-12-17,USD,2821300,1260859,disputed
190,16,INV-016-00190,2025-11-20,2025-12-20,USD,336700,74799,partially_paid
191,16,INV-016-00191,2025-11-06,2025-12-06,USD,1110800,120222,open
192,16,INV-016-00192,2025-08-11,2025-09-10,USD,4629800,2323023,open
193,16,INV-016-00193,2025-10-26,2025-11-25,USD,847100,845546,open
194,16,INV-016-00194,2025-08-15,2025-09-14,USD,1355600,472518,partially_paid
195,16,INV-016-00195,2025-08-05,2025-09-04,USD,1517800,628588,open
196,16,INV-016-00196,2025-11-06,2025-12-06,USD,1090600,920062,open
197,16,INV-016-00197,2025-09-14,2025-10-14,USD,915100,400271,open
198,16,INV-016-00198,2025-09-05,2025-10-05,USD,2517100,1039987,partially_paid
199,16,INV-016-00199,2025-10-21,2025-11-20,USD,565400,303723,open
200,16,INV-016-00200,2025-07-26,2025-08-25,USD,3656600,2253361,open
201,16,INV-016-00201,2025-10-30,2025-11-29,USD,2566900,2550474,open
202,16,INV-016-00202,2025-10-10,2025-11-09,USD,829500,558059,partially_paid
203,16,INV-016-00203,2025-09-22,2025-10-22,USD,3391000,2776727,partially_paid
204,16,INV-016-00204,2025-10-05,2025-11-04,USD,2816000,2162594,open
205,17,INV-017-00205,2025-10-17,2025-11-16,USD,3575500,1073936,open
206,17,INV-017-00206,2025-10-27,2025-11-26,USD,3553700,2566792,open
207,17,INV-017-00207,2025-10-11,2025-11-10,USD,3449600,2149724,open
208,17,INV-017-00208,2025-10-20,2025-11-19,USD,2776600,2328747,open
209,17,INV-017-00209,2025-08-16,2025-09-15,USD,1210600,967811,partially_paid
210,17,INV-017-00210,2025-10-08,2025-11-07,USD,3837800,1478230,open
211,17,INV-017-00211,2025-09-24,2025-10-24,USD,4219400,3894531,disputed
212,17,INV-017-00212,2025-08-26,2025-09-25,USD,4887700,3080101,partially_paid
213,17,INV-017-00213,2025-10-05,2025-11-04,USD,2759200,837753,open
214,17,INV-017-00214,2025-11-05,2025-12-05,USD,4489100,4414922,open
215,17,INV-017-00215,2025-08-29,2025-09-28,USD,4332300,1223372,partially_paid
216,17,INV-017-00216,2025-10-20,2025-11-19,USD,1302300,1157696,open
217,17,INV-017-00217,2025-08-04,2025-09-03,USD,2079200,2015500,partially_paid
218,17,INV-017-00218,2025-09-27,2025-10-27,USD,2683700,2036447,open
219,17,INV-017-00219,2025-08-02,2025-09-01,USD,3532800,2179271,disputed
220,17,INV-017-00220,2025-11-15,2025-12-15,USD,3049500,1334262,open
221,17,INV-017-00221,2025-10-17,2025-11-16,USD,937300,623431,disputed
222,17,INV-017-00222,2025-10-16,2025-11-15,USD,1028600,222162,partially_paid
223,17,INV-017-00223,2025-10-11,2025-11-10,USD,2542900,1411374,open
224,18,INV-018-00224,2025-10-07,2025-11-06,USD,2556300,1868087,open
225,18,INV-018-00225,2025-09-22,2025-10-22,USD,3726200,3417178,open
226,18,INV-018-00226,2025-07-29,2025-08-28,USD,1582800,1132669,open
227,18,INV-018-00227,2025-08-14,2025-09-13,USD,744800,441227,partially_paid
228,18,INV-018-00228,2025-11-17,2025-12-17,USD,3640600,2387323,partially_paid
229,18,INV-018-00229,2025-10-14,2025-11-13,USD,1742200,1588467,partially_paid
230,18,INV-018-00230,2025-08-27,2025-09-26,USD,3631700,3227742,open
231,18,INV-018-00231,2025-10-31,2025-11-30,USD,3960500,2293134,open
232,19,INV-019-00232,2025-08-23,2025-09-22,USD,2681700,1469388,partially_paid
233,19,INV-019-00233,2025-10-31,2025-11-30,USD,3130000,2115093,open
234,19,INV-019-00234,2025-08-08,2025-09-07,USD,3038000,2794076,disputed
235,19,INV-019-00235,2025-11-04,2025-12-04,USD,519100,307885,partially_paid
236,19,INV-019-00236,2025-09-24,2025-10-24,USD,3067100,1888603,disputed
237,19,INV-019-00237,2025-09-10,2025-10-10,USD,2547200,1984997,partially_paid
238,19,INV-019-00238,2025-09-17,2025-10-17,USD,2461400,1871199,open
239,19,INV-019-00239,2025-11-16,2025-12-16,USD,1853100,640173,partially_paid
240,19,INV-019-00240,2025-11-14,2025-12-14,USD,3013800,2771935,open
241,20,INV-020-00241,2025-08-17,2025-09-16,USD,4127900,3065498,open
242,20,INV-020-00242,2025-10-02,2025-11-01,USD,2753800,2480560,partially_paid
243,20,INV-020-00243,2025-09-20,2025-10-20,USD,891000,372927,partially_paid
244,20,INV-020-00244,2025-09-29,2025-10-29,USD,4107100,2267077,open
245,20,INV-020-00245,2025-10-12,2025-11-11,USD,2595300,673443,partially_paid
246,20,INV-020-00246,2025-10-30,2025-11-29,USD,1427500,1374999,partially_paid
247,20,INV-020-00247,2025-08-14,2025-09-13,USD,3284100,2245596,open
248,20,INV-020-00248,2025-11-13,2025-12-13,USD,3506900,2410488,partially_paid
249,20,INV-020-00249,2025-08-06,2025-09-05,USD,4554100,1511553,open
250,20,INV-020-00250,2025-10-02,2025-11-01,USD,4663800,2376830,partially_paid
251,20,INV-020-00251,2025-08-16,2025-09-15,USD,1070600,1001795,partially_paid
252,20,INV-020-00252,2025-08-12,2025-09-11,USD,3180600,2247603,disputed
253,20,INV-020-00253,2025-11-17,2025-12-17,USD,2372700,818505,partially_paid
254,20,INV-020-00254,2025-08-22,2025-09-21,USD,2749800,1505831,partially_paid
255,20,INV-020-00255,2025-09-24,2025-10-24,USD,1280500,843001,open
256,20,INV-020-00256,2025-08-30,2025-09-29,USD,1908100,970197,partially_paid
257,20,INV-020-00257,2025-10-31,2025-11-30,USD,1653700,912623,partially_paid
258,20,INV-020-00258,2025-11-17,2025-12-17,USD,3806000,2982865,partially_paid
259,20,INV-020-00259,2025-10-28,2025-11-27,USD,216100,162907,partially_paid
260,21,INV-021-00260,2025-10-30,2025-11-29,USD,4409200,2860744,open
261,21,INV-021-00261,2025-07-31,2025-08-30,USD,1272000,608143,disputed
262,21,INV-021-00262,2025-07-26,2025-08-25,USD,1202800,1084656,partially_paid
263,21,INV-021-00263,2025-10-05,2025-11-04,USD,2050900,646995,open
264,21,INV-021-00264,2025-08-06,2025-09-05,USD,3027200,2913720,partially_paid
265,21,INV-021-00265,2025-11-02,2025-12-02,USD,1983300,786760,open
266,21,INV-021-00266,2025-10-31,2025-11-30,USD,2727900,2440764,partially_paid
267,22,INV-022-00267,2025-10-11,2025-11-10,USD,1549300,453542,open
268,22,INV-022-00268,2025-08-28,2025-09-27,USD,1726100,1260188,disputed
269,22,INV-022-00269,2025-11-05,2025-12-05,USD,3678200,2880596,disputed
270,22,INV-022-00270,2025-09-25,2025-10-25,USD,1789200,518476,open
271,22,INV-022-00271,2025-07-24,2025-08-23,USD,317100,262993,partially_paid
272,22,INV-022-00272,2025-11-07,2025-12-07,USD,743200,235746,open
273,22,INV-022-00273,2025-08-28,2025-09-27,USD,3105500,1289090,partially_paid
274,22,INV-022-00274,2025-10-19,2025-11-18,USD,1187900,498286,partially_paid
275,22,INV-022-00275,2025-11-04,2025-12-04,USD,363300,112880,disputed
276,22,INV-022-00276,2025-08-01,2025-08-31,USD,4813600,4102980,open
277,23,INV-023-00277,2025-07-29,2025-08-28,USD,3662200,3188299,partially_paid
278,23,INV-023-00278,2025-07-28,2025-08-27,USD,3293300,2536124,open
279,23,INV-023-00279,2025-08-08,2025-09-07,USD,882300,717913,partially_paid
280,23,INV-023-00280,2025-07-28,2025-08-27,USD,2065800,1825006,partially_paid
281,23,INV-023-00281,2025-10-01,2025-10-31,USD,3145000,611169,partially_paid
282,23,INV-023-00282,2025-08-28,2025-09-27,USD,923900,660312,open
283,23,INV-023-00283,2025-08-29,2025-09-28,USD,2190900,1729379,open
284,23,INV-023-00284,2025-10-12,2025-11-11,USD,862900,566431,partially_paid
285,23,INV-023-00285,2025-08-06,2025-09-05,USD,2718800,1750589,partially_paid
286,23,INV-023-00286,2025-10-06,2025-11-05,USD,4691800,3041119,partially_paid
287,23,INV-023-00287,2025-11-17,2025-12-17,USD,3569100,1536275,partially_paid
288,23,INV-023-00288,2025-08-16,2025-09-15,USD,2881900,1628010,partially_paid
289,23,INV-023-00289,2025-10-02,2025-11-01,USD,264500,125540,open
290,23,INV-023-00290,2025-08-28,2025-09-27,USD,1808700,1725685,partially_paid
291,23,INV-023-00291,2025-07-24,2025-08-23,USD,2781700,989748,open
292,23,INV-023-00292,2025-09-24,2025-10-24,USD,3586600,1580442,open
293,23,INV-023-00293,2025-11-06,2025-12-06,USD,3460200,1632729,partially_paid
294,23,INV-023-00294,2025-10-24,2025-11-23,USD,395800,348442,open
295,23,INV-023-00295,2025-10-31,2025-11-30,USD,837000,722993,open
296,23,INV-023-00296,2025-11-12,2025-12-12,USD,4689800,3704895,open
297,24,INV-024-00297,2025-08-22,2025-09-21,USD,1976100,1306381,open
298,24,INV-024-00298,2025-10-22,2025-11-21,USD,814200,476621,disputed
299,24,INV-024-00299,2025-08-26,2025-09-25,USD,2035100,1574235,partially_paid
300,24,INV-024-00300,2025-09-09,2025-10-09,USD,1300200,1044024,open
301,24,INV-024-00301,2025-09-29,2025-10-29,USD,1614000,346878,open
302,24,INV-024-00302,2025-08-08,2025-09-07,USD,3469800,1462844,disputed
303,24,INV-024-00303,2025-08-03,2025-09-02,USD,737400,531137,partially_paid
304,24,INV-024-00304,2025-09-18,2025-10-18,USD,3116500,2113090,partially_paid
305,24,INV-024-00305,2025-10-19,2025-11-18,USD,915600,624001,disputed
306,24,INV-024-00306,2025-09-17,2025-10-17,USD,4808700,873271,partially_paid
307,24,INV-024-00307,2025-08-08,2025-09-07,USD,4771400,4410938,partially_paid
308,24,INV-024-00308,2025-10-23,2025-11-22,USD,1446600,1096418,open
309,24,INV-024-00309,2025-08-27,2025-09-26,USD,4857100,3940146,partially_paid
310,24,INV-024-00310,2025-11-15,2025-12-15,USD,426100,190354,open
311,24,INV-024-00311,2025-08-07,2025-09-06,USD,2600000,2587163,open
312,25,INV-025-00312,2025-09-26,2025-10-26,USD,780800,556916,partially_paid
313,25,INV-025-00313,2025-09-20,2025-10-20,USD,3333700,2620073,partially_paid
314,25,INV-025-00314,2025-08-25,2025-09-24,USD,3763400,1640705,open
315,25,INV-025-00315,2025-11-10,2025-12-10,USD,1974000,1130742,disputed
316,25,INV-025-00316,2025-09-21,2025-10-21,USD,4409200,4063666,partially_paid
317,25,INV-025-00317,2025-11-13,2025-12-13,USD,1514600,1275503,disputed
318,25,INV-025-00318,2025-11-03,2025-12-03,USD,603300,380533,partially_paid
319,25,INV-025-00319,2025-10-12,2025-11-11,USD,1539500,242261,open
320,26,INV-026-00320,2025-08-08,2025-09-07,USD,3661000,3108549,partially_paid
321,26,INV-026-00321,2025-10-25,2025-11-24,USD,1377700,806572,open
322,26,INV-026-00322,2025-09-27,2025-10-27,USD,2636400,1154283,open
323,26,INV-026-00323,2025-10-31,2025-11-30,USD,1574900,1371586,disputed
324,26,INV-026-00324,2025-10-22,2025-11-21,USD,3802700,1968084,partially_paid
325,26,INV-026-00325,2025-10-29,2025-11-28,USD,1874300,1143585,open
326,26,INV-026-00326,2025-11-14,2025-12-14,USD,526700,389628,open
327,26,INV-026-00327,2025-08-02,2025-09-01,USD,4855800,3576333,partially_paid
328,26,INV-026-00328,2025-10-04,2025-11-03,USD,2803900,1951397,open
329,26,INV-026-00329,2025-07-24,2025-08-23,USD,2179900,1174801,open
330,26,INV-026-00330,2025-09-18,2025-10-18,USD,2783300,2448959,open
331,26,INV-026-00331,2025-10-15,2025-11-14,USD,831300,506198,open
332,26,INV-026-00332,2025-11-04,2025-12-04,USD,3857500,1535747,partially_paid
333,26,INV-026-00333,2025-08-27,2025-09-26,USD,2330000,589569,open
334,26,INV-026-00334,2025-07-31,2025-08-30,USD,234000,82119,open
335,26,INV-026-00335,2025-08-14,2025-09-13,USD,3977200,1785619,partially_paid
336,26,INV-026-00336,2025-10-28,2025-11-27,USD,4167300,1239691,partially_paid
337,27,INV-027-00337,2025-11-02,2025-12-02,USD,1223800,980392,partially_paid
338,27,INV-027-00338,2025-08-21,2025-09-20,USD,968400,836819,open
339,27,INV-027-00339,2025-11-02,2025-12-02,USD,3952900,2798713,open
340,27,INV-027-00340,2025-08-11,2025-09-10,USD,3006400,2960802,open
341,27,INV-027-00341,2025-09-01,2025-10-01,USD,3238600,2548719,partially_paid
342,27,INV-027-00342,2025-11-14,2025-12-14,USD,3513200,2159050,partially_paid
343,27,INV-027-00343,2025-08-16,2025-09-15,USD,3870300,2504899,disputed
344,27,INV-027-00344,2025-09-21,2025-10-21,USD,2891000,1722146,disputed
345,27,INV-027-00345,2025-11-11,2025-12-11,USD,2431300,1398683,partially_paid
346,27,INV-027-00346,2025-10-22,2025-11-21,USD,2253600,1393925,open
347,28,INV-028-00347,2025-11-16,2025-12-16,USD,929500,590168,open
348,28,INV-028-00348,2025-10-18,2025-11-17,USD,1060500,427006,open
349,28,INV-028-00349,2025-08-30,2025-09-29,USD,4001000,2737385,open
350,28,INV-028-00350,2025-08-11,2025-09-10,USD,4212300,1759822,disputed
351,28,INV-028-00351,2025-09-15,2025-10-15,USD,495100,373102,partially_paid
352,28,INV-028-00352,2025-10-13,2025-11-12,USD,436800,407024,open
353,28,INV-028-00353,2025-10-27,2025-11-26,USD,4982900,1846295,partially_paid
354,28,INV-028-00354,2025-09-28,2025-10-28,USD,2723500,2488514,partially_paid
355,28,INV-028-00355,2025-10-30,2025-11-29,USD,4810900,4230409,open
356,28,INV-028-00356,2025-09-04,2025-10-04,USD,1764900,707913,open
357,28,INV-028-00357,2025-08-18,2025-09-17,USD,2554500,1649675,partially_paid
358,28,INV-028-00358,2025-11-13,2025-12-13,USD,2444000,1273466,partially_paid
359,29,INV-029-00359,2025-11-02,2025-12-02,USD,779300,259305,disputed
360,29,INV-029-00360,2025-08-01,2025-08-31,USD,4645200,2412937,open
361,29,INV-029-00361,2025-08-28,2025-09-27,USD,1418000,1011557,partially_paid
362,29,INV-029-00362,2025-10-27,2025-11-26,USD,1182100,813934,disputed
363,29,INV-029-00363,2025-08-14,2025-09-13,USD,351900,222154,partially_paid
364,29,INV-029-00364,2025-08-31,2025-09-30,USD,2936400,2604704,open
365,29,INV-029-00365,2025-09-26,2025-10-26,USD,3677300,2536333,open
366,29,INV-029-00366,2025-11-14,2025-12-14,USD,3249900,1679749,partially_paid
367,29,INV-029-00367,2025-09-28,2025-10-28,USD,1054700,962176,partially_paid
368,29,INV-029-00368,2025-09-29,2025-10-29,USD,410000,308633,partially_paid
369,29,INV-029-00369,2025-11-07,2025-12-07,USD,3388100,1816289,open
370,29,INV-029-00370,2025-10-23,2025-11-22,USD,3312800,2290072,partially_paid
371,29,INV-029-00371,2025-10-05,2025-11-04,USD,1270400,717058,open
372,29,INV-029-00372,2025-07-27,2025-08-26,USD,3133600,539241,open
373,29,INV-029-00373,2025-10-09,2025-11-08,USD,2296300,1495060,partially_paid
374,30,INV-030-00374,2025-08-24,2025-09-23,USD,3015100,610822,open
375,30,INV-030-00375,2025-08-15,2025-09-14,USD,2372900,1897059,disputed
376,30,INV-030-00376,2025-11-12,2025-12-12,USD,3539800,1247371,open
377,30,INV-030-00377,2025-08-08,2025-09-07,USD,4451200,2388149,partially_paid
378,30,INV-030-00378,2025-10-07,2025-11-06,USD,3408200,2648798,partially_paid
379,30,INV-030-00379,2025-08-06,2025-09-05,USD,3584000,2195983,open
380,30,INV-030-00380,2025-10-06,2025-11-05,USD,3808100,3163270,open
381,30,INV-030-00381,2025-10-19,2025-11-18,USD,1318500,485538,disputed
382,30,INV-030-00382,2025-11-15,2025-12-15,USD,4660500,3261089,open
383,30,INV-030-00383,2025-08-19,2025-09-18,USD,4040500,3927099,disputed
384,30,INV-030-00384,2025-11-05,2025-12-05,USD,1486700,863516,open
385,31,INV-031-00385,2025-08-26,2025-09-25,USD,3303000,2184727,partially_paid
386,31,INV-031-00386,2025-10-09,2025-11-08,USD,2682000,1290117,partially_paid
387,31,INV-031-00387,2025-08-13,2025-09-12,USD,4755000,3601427,partially_paid
388,31,INV-031-00388,2025-08-20,2025-09-19,USD,4304500,3253453,partially_paid
389,31,INV-031-00389,2025-10-09,2025-11-08,USD,2653200,1771631,open
390,31,INV-031-00390,2025-08-12,2025-09-11,USD,1751400,1582401,open
391,31,INV-031-00391,2025-07-24,2025-08-23,USD,2170200,1288693,partially_paid
392,32,INV-032-00392,2025-08-14,2025-09-13,USD,569600,296562,open
393,32,INV-032-00393,2025-09-29,2025-10-29,USD,310500,268523,open
394,32,INV-032-00394,2025-11-11,2025-12-11,USD,1460200,1164960,disputed
395,32,INV-032-00395,2025-09-13,2025-10-13,USD,487100,414115,open
396,32,INV-032-00396,2025-10-05,2025-11-04,USD,4499800,2686004,open
397,32,INV-032-00397,2025-11-06,2025-12-06,USD,4985700,1215018,disputed
398,32,INV-032-00398,2025-10-24,2025-11-23,USD,4652500,2821237,open
399,33,INV-033-00399,2025-08-20,2025-09-19,USD,2199100,792132,open
400,33,INV-033-00400,2025-07-28,2025-08-27,USD,4588400,1728422,open
401,33,INV-033-00401,2025-10-01,2025-10-31,USD,2691700,2485206,open
402,33,INV-033-00402,2025-10-02,2025-11-01,USD,3751700,1242502,open
403,33,INV-033-00403,2025-10-05,2025-11-04,USD,3258100,2893057,open
404,33,INV-033-00404,2025-11-05,2025-12-05,USD,4660200,3809613,partially_paid
405,34,INV-034-00405,2025-11-04,2025-12-04,USD,3048300,2631627,partially_paid
406,34,INV-034-00406,2025-10-01,2025-10-31,USD,1406700,1015706,open
407,34,INV-034-00407,2025-09-12,2025-10-12,USD,2145600,1789165,open
408,34,INV-034-00408,2025-09-12,2025-10-12,USD,3912500,3422269,partially_paid
409,34,INV-034-00409,2025-08-04,2025-09-03,USD,3699800,3595628,open
410,34,INV-034-00410,2025-09-14,2025-10-14,USD,803300,434278,open
411,34,INV-034-00411,2025-08-25,2025-09-24,USD,2996200,962432,open
412,34,INV-034-00412,2025-09-13,2025-10-13,USD,4119400,3505962,disputed
413,34,INV-034-00413,2025-09-02,2025-10-02,USD,698600,451511,open
414,34,INV-034-00414,2025-10-30,2025-11-29,USD,1926600,1560398,disputed
415,35,INV-035-00415,2025-08-30,2025-09-29,USD,1344200,700854,open
416,35,INV-035-00416,2025-11-04,2025-12-04,USD,2155200,905090,open
417,35,INV-035-00417,2025-10-02,2025-11-01,USD,1840200,1437878,disputed
418,35,INV-035-00418,2025-08-29,2025-09-28,USD,576500,463341,partially_paid
419,35,INV-035-00419,2025-11-01,2025-12-01,USD,2558000,1364131,open
420,35,INV-035-00420,2025-09-08,2025-10-08,USD,1256100,342912,open
421,35,INV-035-00421,2025-09-06,2025-10-06,USD,3023000,2220075,open
422,35,INV-035-00422,2025-09-08,2025-10-08,USD,2469300,1701976,disputed
423,35,INV-035-00423,2025-08-22,2025-09-21,USD,460000,210668,open
424,35,INV-035-00424,2025-10-18,2025-11-17,USD,1819400,214916,partially_paid
425,35,INV-035-00425,2025-09-23,2025-10-23,USD,3896300,621759,open
426,36,INV-036-00426,2025-10-30,2025-11-29,USD,2949100,1824406,partially_paid
427,36,INV-036-00427,2025-10-03,2025-11-02,USD,208200,153936,partially_paid
428,36,INV-036-00428,2025-10-04,2025-11-03,USD,728500,590372,open
429,36,INV-036-00429,2025-11-06,2025-12-06,USD,3131500,850081,partially_paid
430,36,INV-036-00430,2025-10-11,2025-11-10,USD,1240900,1103337,open
431,36,INV-036-00431,2025-09-30,2025-10-30,USD,3988700,2867962,open
432,36,INV-036-00432,2025-09-21,2025-10-21,USD,2958600,871300,open
433,36,INV-036-00433,2025-08-31,2025-09-30,USD,2814900,2036741,disputed
434,36,INV-036-00434,2025-11-13,2025-12-13,USD,3545800,3136832,disputed
435,36,INV-036-00435,2025-08-16,2025-09-15,USD,2829300,2442452,partially_paid
436,36,INV-036-00436,2025-10-12,2025-11-11,USD,4542700,4008546,partially_paid
437,36,INV-036-00437,2025-11-10,2025-12-10,USD,935200,292575,open
438,37,INV-037-00438,2025-09-03,2025-10-03,USD,929600,815115,open
439,37,INV-037-00439,2025-08-01,2025-08-31,USD,2750000,1503057,open
440,37,INV-037-00440,2025-09-13,2025-10-13,USD,3496300,2690011,partially_paid
441,37,INV-037-00441,2025-09-30,2025-10-30,USD,592700,517388,open
442,37,INV-037-00442,2025-08-07,2025-09-06,USD,320000,162608,open
443,37,INV-037-00443,2025-07-29,2025-08-28,USD,2097800,1037548,open
444,37,INV-037-00444,2025-09-09,2025-10-09,USD,4836400,4788723,open
445,37,INV-037-00445,2025-10-07,2025-11-06,USD,752000,596445,open
446,37,INV-037-00446,2025-07-26,2025-08-25,USD,4368000,2286247,partially_paid
447,37,INV-037-00447,2025-07-29,2025-08-28,USD,4593900,2089950,open
448,37,INV-037-00448,2025-11-02,2025-12-02,USD,4922100,4241168,open
449,37,INV-037-00449,2025-09-20,2025-10-20,USD,3832000,2718497,partially_paid
450,37,INV-037-00450,2025-07-29,2025-08-28,USD,3900400,2071743,partially_paid
451,37,INV-037-00451,2025-09-18,2025-10-18,USD,2996400,1017573,open
452,37,INV-037-00452,2025-10-03,2025-11-02,USD,1781000,371853,partially_paid
453,37,INV-037-00453,2025-10-27,2025-11-26,USD,3413000,2651115,open
454,38,INV-038-00454,2025-09-09,2025-10-09,USD,3527200,1390196,partially_paid
455,38,INV-038-00455,2025-10-23,2025-11-22,USD,643400,413781,open
456,38,INV-038-00456,2025-09-25,2025-10-25,USD,4421500,4372418,open
457,38,INV-038-00457,2025-08-02,2025-09-01,USD,4075900,3298264,open
458,38,INV-038-00458,2025-10-07,2025-11-06,USD,2656500,1557351,open
459,38,INV-038-00459,2025-09-23,2025-10-23,USD,2919700,2141057,disputed
460,38,INV-038-00460,2025-10-22,2025-11-21,USD,530600,325862,open
461,38,INV-038-00461,2025-07-24,2025-08-23,USD,1500600,243930,partially_paid
462,38,INV-038-00462,2025-09-20,2025-10-20,USD,3762200,1605617,partially_paid
463,38,INV-038-00463,2025-08-21,2025-09-20,USD,3669300,3125827,partially_paid
464,38,INV-038-00464,2025-10-16,2025-11-15,USD,248900,96606,partially_paid
465,38,INV-038-00465,2025-09-28,2025-10-28,USD,1899900,811544,disputed
466,38,INV-038-00466,2025-10-08,2025-11-07,USD,4745000,3866317,partially_paid
467,38,INV-038-00467,2025-11-03,2025-12-03,USD,948500,798328,disputed
468,38,INV-038-00468,2025-08-19,2025-09-18,USD,2458800,1909967,open
469,38,INV-038-00469,2025-08-13,2025-09-12,USD,2952600,2562107,partially_paid
470,39,INV-039-00470,2025-08-25,2025-09-24,USD,2793900,1180774,open
471,39,INV-039-00471,2025-10-30,2025-11-29,USD,309300,215133,open
472,39,INV-039-00472,2025-08-03,2025-09-02,USD,4877800,2429058,open
473,39,INV-039-00473,2025-11-13,2025-12-13,USD,437800,294339,open
474,39,INV-039-00474,2025-10-17,2025-11-16,USD,4806700,4103514,open
475,39,INV-039-00475,2025-07-27,2025-08-26,USD,3761800,971067,partially_paid
476,39,INV-039-00476,2025-09-24,2025-10-24,USD,4638600,667901,open
477,39,INV-039-00477,2025-10-23,2025-11-22,USD,647800,563487,partially_paid
478,39,INV-039-00478,2025-08-26,2025-09-25,USD,2442300,1824863,open
479,39,INV-039-00479,2025-10-31,2025-11-30,USD,3759500,3450434,partially_paid
480,40,INV-040-00480,2025-11-10,2025-12-10,USD,3290800,823539,open
481,40,INV-040-00481,2025-11-16,2025-12-16,USD,3818200,2012197,open
482,40,INV-040-00482,2025-09-18,2025-10-18,USD,898200,435568,partially_paid
483,40,INV-040-00483,2025-08-20,2025-09-19,USD,2313300,1872045,partially_paid
484,40,INV-040-00484,2025-10-14,2025-11-13,USD,469000,442645,open
485,40,INV-040-00485,2025-09-07,2025-10-07,USD,2651900,2081806,open
486,40,INV-040-00486,2025-09-01,2025-10-01,USD,2311900,1436505,partially_paid
487,40,INV-040-00487,2025-09-23,2025-10-23,USD,326200,302800,open
488,40,INV-040-00488,2025-10-01,2025-10-31,USD,4478800,3531263,partially_paid
489,40,INV-040-00489,2025-08-19,2025-09-18,USD,3308500,2265043,open
490,40,INV-040-00490,2025-11-10,2025-12-10,USD,2444900,1392663,disputed
491,40,INV-040-00491,2025-10-20,2025-11-19,USD,4761900,4341001,open
492,40,INV-040-00492,2025-08-05,2025-09-04,USD,1229500,886160,open
493,40,INV-040-00493,2025-11-11,2025-12-11,USD,3890200,2793012,open
494,40,INV-040-00494,2025-11-17,2025-12-17,USD,4625400,3694447,partially_paid
495,40,INV-040-00495,2025-10-06,2025-11-05,USD,1233500,1054274,open
496,40,INV-040-00496,2025-10-08,2025-11-07,USD,2156700,1400885,open
497,40,INV-040-00497,2025-09-27,2025-10-27,USD,1234500,305042,partially_paid
498,40,INV-040-00498,2025-09-06,2025-10-06,USD,4799100,3724233,disputed
499,40,INV-040-00499,2025-08-23,2025-09-22,USD,3037800,2886531,partially_paid
500,41,INV-041-00500,2025-09-11,2025-10-11,USD,3348000,1299196,partially_paid
501,41,INV-041-00501,2025-09-20,2025-10-20,USD,3730300,3495884,partially_paid
502,41,INV-041-00502,2025-11-17,2025-12-17,USD,2452300,1387467,partially_paid
503,41,INV-041-00503,2025-08-21,2025-09-20,USD,1843600,1511494,open
504,41,INV-041-00504,2025-10-14,2025-11-13,USD,885500,771362,disputed
505,41,INV-041-00505,2025-09-23,2025-10-23,USD,924300,748921,partially_paid
506,41,INV-041-00506,2025-10-11,2025-11-10,USD,2891000,1415490,open
507,41,INV-041-00507,2025-10-10,2025-11-09,USD,3436900,988322,partially_paid
508,41,INV-041-00508,2025-09-05,2025-10-05,USD,1827900,1149491,disputed
509,41,INV-041-00509,2025-10-13,2025-11-12,USD,2809600,2427109,partially_paid
510,41,INV-041-00510,2025-10-22,2025-11-21,USD,287000,166514,partially_paid
511,41,INV-041-00511,2025-08-19,2025-09-18,USD,4976400,3203277,open
512,41,INV-041-00512,2025-08-05,2025-09-04,USD,4139000,1032415,disputed
513,41,INV-041-00513,2025-08-02,2025-09-01,USD,2145600,743967,open
514,41,INV-041-00514,2025-08-04,2025-09-03,USD,2550100,1636626,open
515,41,INV-041-00515,2025-08-10,2025-09-09,USD,4996600,2392808,disputed
516,42,INV-042-00516,2025-08-27,2025-09-26,USD,1523300,1263115,open
517,42,INV-042-00517,2025-07-29,2025-08-28,USD,2876200,505637,partially_paid
518,42,INV-042-00518,2025-11-04,2025-12-04,USD,1122100,1016977,disputed
519,42,INV-042-00519,2025-09-14,2025-10-14,USD,4675700,3900970,open
520,42,INV-042-00520,2025-08-14,2025-09-13,USD,2642300,1002602,disputed
521,42,INV-042-00521,2025-07-30,2025-08-29,USD,2238900,876153,open
522,42,INV-042-00522,2025-10-18,2025-11-17,USD,769800,630586,partially_paid
523,42,INV-042-00523,2025-11-11,2025-12-11,USD,3395400,2694725,open
524,42,INV-042-00524,2025-09-06,2025-10-06,USD,1439200,277143,disputed
525,42,INV-042-00525,2025-08-26,2025-09-25,USD,2256600,2081879,disputed
526,43,INV-043-00526,2025-08-24,2025-09-23,USD,3152300,2737317,open
527,43,INV-043-00527,2025-11-06,2025-12-06,USD,4295300,2241285,open
528,43,INV-043-00528,2025-11-16,2025-12-16,USD,3744000,677367,partially_paid
529,43,INV-043-00529,2025-09-18,2025-10-18,USD,4494600,3167644,open
530,43,INV-043-00530,2025-09-18,2025-10-18,USD,3682000,2195975,partially_paid
531,43,INV-043-00531,2025-09-13,2025-10-13,USD,1896800,1608550,disputed
532,43,INV-043-00532,2025-08-05,2025-09-04,USD,3970700,2230451,open
533,43,INV-043-00533,2025-08-21,2025-09-20,USD,596100,231530,open
534,43,INV-043-00534,2025-11-20,2025-12-20,USD,2303100,1264663,disputed
535,44,INV-044-00535,2025-09-01,2025-10-01,USD,3888500,1366418,open
536,44,INV-044-00536,2025-08-23,2025-09-22,USD,1084800,1019692,open
537,44,INV-044-00537,2025-09-10,2025-10-10,USD,4647600,3667784,open
538,44,INV-044-00538,2025-09-22,2025-10-22,USD,3067700,1484456,disputed
539,44,INV-044-00539,2025-08-23,2025-09-22,USD,1379500,1233512,disputed
540,44,INV-044-00540,2025-09-04,2025-10-04,USD,1671900,984010,partially_paid
541,44,INV-044-00541,2025-10-17,2025-11-16,USD,2851400,1980276,open
542,44,INV-044-00542,2025-11-04,2025-12-04,USD,4946600,3962108,partially_paid
543,44,INV-044-00543,2025-10-15,2025-11-14,USD,4179100,3262829,disputed
544,44,INV-044-00544,2025-11-17,2025-12-17,USD,3929200,3859115,open
545,44,INV-044-00545,2025-11-06,2025-12-06,USD,4722600,3477104,open
546,44,INV-044-00546,2025-08-10,2025-09-09,USD,3576900,2434191,open
547,44,INV-044-00547,2025-07-27,2025-08-26,USD,2935600,2380839,open
548,44,INV-044-00548,2025-09-26,2025-10-26,USD,365700,261100,open
549,44,INV-044-00549,2025-11-06,2025-12-06,USD,800900,643797,open
550,44,INV-044-00550,2025-09-15,2025-10-15,USD,572200,512508,open
551,44,INV-044-00551,2025-10-20,2025-11-19,USD,3424700,1365498,open
552,44,INV-044-00552,2025-08-07,2025-09-06,USD,1570400,1113249,disputed
553,44,INV-044-00553,2025-10-29,2025-11-28,USD,1500100,471764,open
554,45,INV-045-00554,2025-08-15,2025-09-14,USD,3398000,3159977,partially_paid
555,45,INV-045-00555,2025-08-19,2025-09-18,USD,4743000,2905750,partially_paid
556,45,INV-045-00556,2025-08-27,2025-09-26,USD,2316400,1243162,open
557,45,INV-045-00557,2025-08-31,2025-09-30,USD,4096500,3393512,partially_paid
558,45,INV-045-00558,2025-11-05,2025-12-05,USD,4936500,2203243,open
559,45,INV-045-00559,2025-11-17,2025-12-17,USD,787700,699438,disputed
560,45,INV-045-00560,2025-08-02,2025-09-01,USD,1420500,1187235,open
561,45,INV-045-00561,2025-09-01,2025-10-01,USD,2285500,1327850,open
562,45,INV-045-00562,2025-09-11,2025-10-11,USD,4089200,2464743,partially_paid
563,45,INV-045-00563,2025-09-30,2025-10-30,USD,2633800,920812,partially_paid
564,45,INV-045-00564,2025-10-27,2025-11-26,USD,693300,494124,partially_paid
565,45,INV-045-00565,2025-10-22,2025-11-21,USD,1842800,1102016,open
566,45,INV-045-00566,2025-09-30,2025-10-30,USD,3206200,1334208,partially_paid
567,45,INV-045-00567,2025-09-25,2025-10-25,USD,4310700,3838671,partially_paid
568,45,INV-045-00568,2025-10-15,2025-11-14,USD,3504500,1256540,open
569,45,INV-045-00569,2025-11-14,2025-12-14,USD,667500,513196,disputed
570,46,INV-046-00570,2025-08-18,2025-09-17,USD,228700,40049,partially_paid
571,46,INV-046-00571,2025-11-05,2025-12-05,USD,4297500,4151284,partially_paid
572,46,INV-046-00572,2025-11-17,2025-12-17,USD,4848900,2560976,open
573,46,INV-046-00573,2025-10-05,2025-11-04,USD,3063500,2928317,open
574,46,INV-046-00574,2025-09-07,2025-10-07,USD,4632700,1093275,open
575,46,INV-046-00575,2025-10-10,2025-11-09,USD,4786300,4045404,partially_paid
576,46,INV-046-00576,2025-08-04,2025-09-03,USD,4246900,1241875,open
577,47,INV-047-00577,2025-09-16,2025-10-16,USD,754300,446298,partially_paid
578,47,INV-047-00578,2025-10-13,2025-11-12,USD,2305700,1087716,partially_paid
579,47,INV-047-00579,2025-09-04,2025-10-04,USD,945200,362958,open
580,47,INV-047-00580,2025-08-03,2025-09-02,USD,1308500,817290,open
581,47,INV-047-00581,2025-09-12,2025-10-12,USD,1573100,630090,partially_paid
582,47,INV-047-00582,2025-10-14,2025-11-13,USD,1038600,451838,open
583,47,INV-047-00583,2025-07-29,2025-08-28,USD,758100,480199,partially_paid
584,47,INV-047-00584,2025-09-21,2025-10-21,USD,1602200,1094092,disputed
585,47,INV-047-00585,2025-08-26,2025-09-25,USD,2439400,419718,partially_paid
586,47,INV-047-00586,2025-11-08,2025-12-08,USD,2477800,1076310,disputed
587,47,INV-047-00587,2025-08-22,2025-09-21,USD,1796000,381255,partially_paid
588,47,INV-047-00588,2025-09-28,2025-10-28,USD,604200,321324,open
589,47,INV-047-00589,2025-10-23,2025-11-22,USD,949300,263519,partially_paid
590,48,INV-048-00590,2025-09-06,2025-10-06,USD,4931500,2306937,partially_paid
591,48,INV-048-00591,2025-10-07,2025-11-06,USD,4361200,1898438,partially_paid
592,48,INV-048-00592,2025-10-09,2025-11-08,USD,1245000,780850,open
593,48,INV-048-00593,2025-09-05,2025-10-05,USD,3569100,1290311,open
594,48,INV-048-00594,2025-09-27,2025-10-27,USD,3062100,1880194,open
595,48,INV-048-00595,2025-11-15,2025-12-15,USD,3570900,1829803,partially_paid
596,48,INV-048-00596,2025-09-30,2025-10-30,USD,2035000,952775,partially_paid
597,48,INV-048-00597,2025-08-03,2025-09-02,USD,3337100,783702,partially_paid
598,48,INV-048-00598,2025-09-25,2025-10-25,USD,4512300,3758168,open
599,48,INV-048-00599,2025-09-28,2025-10-28,USD,4908000,3900961,open
600,48,INV-048-00600,2025-09-28,2025-10-28,USD,3428400,2290020,disputed
601,48,INV-048-00601,2025-09-02,2025-10-02,USD,2015700,953096,open
602,48,INV-048-00602,2025-08-07,2025-09-06,USD,3225400,686413,open
603,48,INV-048-00603,2025-11-14,2025-12-14,USD,3402100,2653123,partially_paid
604,48,INV-048-00604,2025-10-02,2025-11-01,USD,1502900,928891,open
605,48,INV-048-00605,2025-11-17,2025-12-17,USD,1069300,973848,partially_paid
606,49,INV-049-00606,2025-10-28,2025-11-27,USD,1424200,981360,open
607,49,INV-049-00607,2025-10-24,2025-11-23,USD,250700,181846,partially_paid
608,49,INV-049-00608,2025-10-13,2025-11-12,USD,3916700,2573330,open
609,49,INV-049-00609,2025-09-16,2025-10-16,USD,841100,535222,open
610,49,INV-049-00610,2025-09-24,2025-10-24,USD,1207300,629369,disputed
611,49,INV-049-00611,2025-10-25,2025-11-24,USD,2187800,1613312,open
612,49,INV-049-00612,2025-09-28,2025-10-28,USD,2684900,1386032,open
613,49,INV-049-00613,2025-09-23,2025-10-23,USD,1796600,1126767,partially_paid
614,49,INV-049-00614,2025-10-30,2025-11-29,USD,1985700,1412399,open
615,49,INV-049-00615,2025-11-05,2025-12-05,USD,2436600,963334,partially_paid
616,49,INV-049-00616,2025-10-07,2025-11-06,USD,855900,542667,partially_paid
617,49,INV-049-00617,2025-11-06,2025-12-06,USD,4290200,3724448,open
618,49,INV-049-00618,2025-11-15,2025-12-15,USD,751500,79280,partially_paid
619,49,INV-049-00619,2025-08-29,2025-09-28,USD,3903800,3124388,partially_paid
620,49,INV-049-00620,2025-08-01,2025-08-31,USD,847700,296382,disputed
621,49,INV-049-00621,2025-08-03,2025-09-02,USD,4059900,2903101,open
622,49,INV-049-00622,2025-08-01,2025-08-31,USD,591700,345386,disputed
623,50,INV-050-00623,2025-09-20,2025-10-20,USD,2928100,2578832,partially_paid
624,50,INV-050-00624,2025-11-12,2025-12-12,USD,3295100,1799730,open
625,50,INV-050-00625,2025-09-13,2025-10-13,USD,4720300,3414633,open
626,50,INV-050-00626,2025-09-19,2025-10-19,USD,668300,193480,disputed
627,50,INV-050-00627,2025-09-29,2025-10-29,USD,4144900,3566404,open
628,50,INV-050-00628,2025-07-25,2025-08-24,USD,886900,372388,open
