payment_id,invoice_id,customer_id,payment_date,amount_cents,method,reference_number,applied
1,1.0,1,2025-09-09,671555,Check,REF-000001,True
2,1.0,1,2025-09-30,284784,ACH,REF-000002,True
3,1.0,1,2025-09-07,968726,Check,REF-000003,True
4,2.0,1,2025-11-15,1408386,Card,REF-000004,True
5,2.0,1,2025-11-13,1647278,ACH,REF-000005,True
6,3.0,1,2025-09-24,164936,Wire,REF-000006,True
7,3.0,1,2025-08-17,239473,Card,REF-000007,True
8,4.0,1,2025-12-22,219072,Card,REF-000008,True
9,4.0,1,2025-12-02,103337,Card,REF-000009,True
10,4.0,1,2025-12-01,288843,ACH,REF-000010,True
11,5.0,1,2025-08-10,1123479,Check,REF-000011,True
12,6.0,1,2025-12-13,684068,Check,REF-000012,True
13,6.0,1,2025-11-30,286021,ACH,REF-000013,True
14,6.0,1,2025-11-18,492573,Check,REF-000014,True
15,7.0,1,2025-10-13,292230,Check,REF-000015,True
16,7.0,1,2025-10-01,342278,Card,REF-000016,True
17,7.0,1,2025-10-03,469985,Card,REF-000017,True
18,8.0,1,2025-11-08,629654,Card,REF-000018,True
19,8.0,1,2025-09-25,515691,Check,REF-000019,True
20,8.0,1,2025-09-28,696113,ACH,REF-000020,True
21,9.0,2,2025-12-14,2795357,Check,REF-000021,True
22,10.0,2,2025-12-07,379728,Card,REF-000022,True
23,11.0,2,2025-11-25,981627,Check,REF-000023,True
24,12.0,2,2025-10-10,766327,Card,REF-000024,True
25,13.0,2,2025-09-16,629614,Wire,REF-000025,True
26,14.0,2,2025-10-28,206857,Wire,REF-000026,True
27,14.0,2,2025-11-04,358009,Check,REF-000027,True
28,15.0,2,2025-10-20,70938,Check,REF-000028,True
29,15.0,2,2025-11-10,222353,Check,REF-000029,True
30,16.0,2,2025-11-03,700034,Wire,REF-000030,True
31,16.0,2,2025-09-30,741062,Card,REF-000031,True
32,17.0,2,2025-10-14,36769,ACH,REF-000032,True
33,18.0,2,2025-10-10,268787,Wire,REF-000033,True
34,18.0,2,2025-10-13,355072,Check,REF-000034,True
35,19.0,2,2025-11-19,801270,Check,REF-000035,True
36,19.0,2,2025-11-07,302515,Check,REF-000036,True
37,19.0,2,2025-10-30,698206,Card,REF-000037,True
38,20.0,2,2025-09-22,751565,Wire,REF-000038,True
39,20.0,2,2025-09-25,598064,Check,REF-000039,True
40,20.0,2,2025-09-16,774079,Check,REF-000040,True
41,21.0,2,2025-11-13,198193,Card,REF-000041,True
42,21.0,2,2025-11-10,191133,Card,REF-000042,True
43,22.0,2,2025-08-09,141779,Wire,REF-000043,True
44,22.0,2,2025-08-16,67728,Check,REF-000044,True
45,22.0,2,2025-09-21,50451,ACH,REF-000045,True
46,23.0,2,2025-11-09,1353287,Check,REF-000046,True
47,23.0,2,2025-11-04,734246,Card,REF-000047,True
48,23.0,2,2025-12-03,822592,ACH,REF-000048,True
49,24.0,2,2025-08-22,502397,Check,REF-000049,True
50,24.0,2,2025-10-16,1270606,Wire,REF-000050,True
51,25.0,2,2025-08-27,303176,Check,REF-000051,True
52,26.0,2,2025-11-28,1504733,ACH,REF-000052,True
53,27.0,3,2025-10-16,1336765,ACH,REF-000053,True
54,28.0,3,2025-12-12,958470,Check,REF-000054,True
55,28.0,3,2025-10-23,738868,Wire,REF-000055,True
56,29.0,3,2025-12-19,162081,Check,REF-000056,True
57,29.0,3,2025-11-14,46602,Wire,REF-000057,True
58,29.0,3,2025-12-06,152987,ACH,REF-000058,True
59,30.0,3,2025-09-03,376500,Wire,REF-000059,True
60,30.0,3,2025-09-27,354135,ACH,REF-000060,True
61,30.0,3,2025-08-05,714394,ACH,REF-000061,True
62,31.0,3,2025-09-29,3477880,Check,REF-000062,True
63,32.0,3,2025-10-31,371351,ACH,REF-000063,True
64,32.0,3,2025-10-26,942550,Card,REF-000064,True
65,33.0,4,2025-12-21,194817,Card,REF-000065,True
66,33.0,4,2025-11-04,147523,ACH,REF-000066,True
67,33.0,4,2025-12-14,133565,Check,REF-000067,True
68,34.0,4,2025-10-08,100543,Wire,REF-000068,True
69,34.0,4,2025-10-17,97443,Check,REF-000069,True
70,34.0,4,2025-11-21,192830,Card,REF-000070,True
71,35.0,4,2025-10-09,11176,ACH,REF-000071,True
72,35.0,4,2025-10-30,23026,ACH,REF-000072,True
73,36.0,4,2025-10-11,382234,Check,REF-000073,True
74,37.0,4,2025-10-28,30018,Wire,REF-000074,True
75,37.0,4,2025-10-27,29324,Wire,REF-000075,True
76,38.0,4,2025-12-15,382402,Check,REF-000076,True
77,38.0,4,2025-12-14,129678,Check,REF-000077,True
78,38.0,4,2025-12-16,194331,Check,REF-000078,True
79,39.0,4,2025-09-06,73228,Check,REF-000079,True
80,39.0,4,2025-10-09,41682,Wire,REF-000080,True
81,39.0,4,2025-09-29,112212,Wire,REF-000081,True
82,40.0,4,2025-11-13,388537,Card,REF-000082,True
83,41.0,4,2025-12-29,228263,Card,REF-000083,True
84,41.0,4,2026-01-06,71870,Check,REF-000084,True
85,41.0,4,2025-11-17,155729,ACH,REF-000085,True
86,42.0,4,2025-09-24,783324,Check,REF-000086,True
87,43.0,4,2025-09-28,390837,Wire,REF-000087,True
88,43.0,4,2025-10-02,907947,Check,REF-000088,True
89,44.0,4,2025-09-17,577792,Check,REF-000089,True
90,45.0,4,2025-11-06,948088,ACH,REF-000090,True
91,46.0,4,2025-12-25,3118482,Check,REF-000091,True
92,47.0,4,2025-09-27,112120,Check,REF-000092,True
93,48.0,4,2025-10-14,3353919,ACH,REF-000093,True
94,49.0,4,2025-12-28,453100,Check,REF-000094,True
95,49.0,4,2025-12-29,258950,Card,REF-000095,True
96,49.0,4,2025-12-27,224581,Check,REF-000096,True
97,50.0,4,2025-08-27,732834,Card,REF-000097,True
98,50.0,4,2025-09-22,145908,Wire,REF-000098,True
99,50.0,4,2025-08-30,449550,Check,REF-000099,True
100,51.0,4,2025-11-22,317646,Check,REF-000100,True
101,51.0,4,2025-11-17,384257,Wire,REF-000101,True
102,52.0,4,2025-10-05,1595994,Card,REF-000102,True
103,52.0,4,2025-08-18,795784,ACH,REF-000103,True
104,52.0,4,2025-09-08,534538,Wire,REF-000104,True
105,53.0,5,2025-10-04,252666,Card,REF-000105,True
106,53.0,5,2025-10-11,195196,Wire,REF-000106,True
107,53.0,5,2025-09-11,289039,Check,REF-000107,True
108,54.0,5,2025-11-16,295892,Wire,REF-000108,True
109,54.0,5,2025-11-21,463582,ACH,REF-000109,True
110,55.0,5,2025-10-22,231282,Wire,REF-000110,True
111,55.0,5,2025-11-18,599817,ACH,REF-000111,True
112,56.0,5,2025-08-20,520831,ACH,REF-000112,True
113,56.0,5,2025-09-24,1863652,Wire,REF-000113,True
114,57.0,5,2025-09-27,342979,Card,REF-000114,True
115,57.0,5,2025-09-23,439329,Check,REF-000115,True
116,58.0,5,2025-12-02,353412,Card,REF-000116,True
117,59.0,5,2025-12-20,1010686,ACH,REF-000117,True
118,60.0,5,2025-12-16,201280,Wire,REF-000118,True
119,60.0,5,2025-11-04,804666,Wire,REF-000119,True
120,61.0,5,2025-11-27,1048450,Check,REF-000120,True
121,61.0,5,2025-11-10,596489,Card,REF-000121,True
122,61.0,5,2025-11-13,447195,Card,REF-000122,True
123,62.0,5,2025-11-20,680192,Check,REF-000123,True
124,63.0,5,2025-12-01,130379,Wire,REF-000124,True
125,63.0,5,2026-01-02,39152,Wire,REF-000125,True
126,63.0,5,2026-01-04,121149,Card,REF-000126,True
127,64.0,5,2025-12-24,287520,ACH,REF-000127,True
128,64.0,5,2025-11-11,1010350,Card,REF-000128,True
129,65.0,5,2025-11-20,154495,Check,REF-000129,True
130,65.0,5,2025-12-08,251132,Wire,REF-000130,True
131,66.0,5,2025-10-18,3088231,Check,REF-000131,True
132,67.0,6,2025-11-27,65000,Card,REF-000132,True
133,67.0,6,2025-10-18,253686,Wire,REF-000133,True
134,68.0,6,2025-12-22,413325,Card,REF-000134,True
135,68.0,6,2025-12-09,244898,Wire,REF-000135,True
136,68.0,6,2025-11-16,165417,ACH,REF-000136,True
137,69.0,6,2025-12-25,570217,Card,REF-000137,True
138,69.0,6,2025-12-20,1115660,Check,REF-000138,True
139,70.0,6,2025-12-05,23014,Card,REF-000139,True
140,70.0,6,2026-01-19,20016,Wire,REF-000140,True
141,70.0,6,2025-12-09,67985,Card,REF-000141,True
142,71.0,6,2025-12-18,7407,ACH,REF-000142,True
143,71.0,6,2025-12-17,6213,Wire,REF-000143,True
144,71.0,6,2025-11-07,13417,Check,REF-000144,True
145,72.0,6,2025-11-07,219050,Wire,REF-000145,True
146,72.0,6,2025-12-01,332460,Check,REF-000146,True
147,73.0,6,2025-10-11,20874,Wire,REF-000147,True
148,73.0,6,2025-10-08,72276,Check,REF-000148,True
149,74.0,6,2025-10-20,1098399,Wire,REF-000149,True
150,75.0,6,2025-10-18,1666,ACH,REF-000150,True
151,75.0,6,2025-11-03,457,Wire,REF-000151,True
152,75.0,6,2025-09-30,1549,Card,REF-000152,True
153,76.0,6,2025-10-25,1789528,ACH,REF-000153,True
154,77.0,6,2025-11-08,75096,ACH,REF-000154,True
155,77.0,6,2025-12-18,29945,Wire,REF-000155,True
156,77.0,6,2025-11-27,87213,Wire,REF-000156,True
157,78.0,6,2025-09-30,85895,Check,REF-000157,True
158,79.0,6,2025-11-21,1208377,Check,REF-000158,True
159,80.0,6,2025-11-10,300100,Wire,REF-000159,True
160,80.0,6,2025-10-23,449050,Check,REF-000160,True
161,80.0,6,2025-10-26,323834,Wire,REF-000161,True
162,81.0,6,2025-10-28,565887,Wire,REF-000162,True
163,81.0,6,2025-11-07,1471809,Card,REF-000163,True
164,82.0,7,2025-10-22,769216,Wire,REF-000164,True
165,83.0,7,2025-11-01,85758,Wire,REF-000165,True
166,83.0,7,2025-11-06,43485,Check,REF-000166,True
167,83.0,7,2025-11-09,75520,ACH,REF-000167,True
168,84.0,7,2025-09-16,641349,Wire,REF-000168,True
169,84.0,7,2025-09-25,723936,ACH,REF-000169,True
170,84.0,7,2025-10-14,741869,Card,REF-000170,True
171,85.0,7,2025-12-03,1571154,Wire,REF-000171,True
172,85.0,7,2025-11-10,577117,Check,REF-000172,True
173,85.0,7,2025-11-01,564771,Wire,REF-000173,True
174,86.0,7,2025-11-12,715091,Wire,REF-000174,True
175,86.0,7,2025-11-24,330789,Check,REF-000175,True
176,86.0,7,2025-10-17,539451,Wire,REF-000176,True
177,87.0,7,2025-08-23,1012258,ACH,REF-000177,True
178,87.0,7,2025-08-30,307900,Card,REF-000178,True
179,87.0,7,2025-08-22,614191,Check,REF-000179,True
180,88.0,7,2025-11-24,546232,Card,REF-000180,True
181,88.0,7,2025-11-15,1559501,Wire,REF-000181,True
182,89.0,7,2026-01-25,610087,Check,REF-000182,True
183,90.0,7,2025-11-07,39417,Card,REF-000183,True
184,90.0,7,2025-10-23,53165,Card,REF-000184,True
185,91.0,7,2025-12-10,358456,ACH,REF-000185,True
186,91.0,7,2026-01-10,97917,Wire,REF-000186,True
187,91.0,7,2026-01-09,255239,Wire,REF-000187,True
188,92.0,7,2025-08-30,174666,Check,REF-000188,True
189,92.0,7,2025-10-16,151434,Wire,REF-000189,True
190,92.0,7,2025-10-19,389909,Wire,REF-000190,True
191,93.0,7,2025-12-11,839671,ACH,REF-000191,True
192,94.0,7,2025-12-15,614892,ACH,REF-000192,True
193,94.0,7,2025-11-21,837890,Card,REF-000193,True
194,94.0,7,2025-12-31,1165692,Wire,REF-000194,True
195,95.0,7,2025-12-05,3752925,Card,REF-000195,True
196,96.0,7,2025-11-08,946595,ACH,REF-000196,True
197,97.0,7,2025-11-13,354775,Wire,REF-000197,True
198,97.0,7,2025-10-25,250300,Wire,REF-000198,True
199,98.0,7,2025-09-22,1377043,Wire,REF-000199,True
200,98.0,7,2025-10-20,1486047,Wire,REF-000200,True
201,98.0,7,2025-09-22,1537153,ACH,REF-000201,True
202,99.0,7,2025-09-19,272533,Wire,REF-000202,True
203,99.0,7,2025-10-05,268284,Card,REF-000203,True
204,100.0,8,2025-11-05,722081,ACH,REF-000204,True
205,100.0,8,2025-11-11,177209,Card,REF-000205,True
206,100.0,8,2025-11-15,407980,Wire,REF-000206,True
207,101.0,8,2025-11-04,20197,Wire,REF-000207,True
208,101.0,8,2025-11-27,34464,Wire,REF-000208,True
209,102.0,8,2025-11-20,358231,Wire,REF-000209,True
210,103.0,8,2025-10-11,1093504,Check,REF-000210,True
211,104.0,8,2025-10-01,1280833,Card,REF-000211,True
212,105.0,8,2025-12-17,681819,Check,REF-000212,True
213,106.0,8,2025-12-13,459289,Wire,REF-000213,True
214,106.0,8,2025-12-10,266046,Card,REF-000214,True
215,106.0,8,2025-10-26,504428,Wire,REF-000215,True
216,107.0,8,2025-11-30,609861,ACH,REF-000216,True
217,107.0,8,2025-12-30,849702,Wire,REF-000217,True
218,108.0,8,2025-12-24,988324,ACH,REF-000218,True
219,109.0,8,2025-11-03,678,Wire,REF-000219,True
220,109.0,8,2025-11-16,2336,Check,REF-000220,True
221,110.0,8,2025-12-14,454809,Wire,REF-000221,True
222,110.0,8,2025-12-04,547200,Wire,REF-000222,True
223,111.0,8,2025-09-16,2252615,Card,REF-000223,True
224,112.0,8,2025-09-05,337242,Check,REF-000224,True
225,112.0,8,2025-09-09,469186,ACH,REF-000225,True
226,112.0,8,2025-08-22,584549,Wire,REF-000226,True
227,113.0,8,2025-10-27,784535,Wire,REF-000227,True
228,114.0,8,2025-08-26,587363,ACH,REF-000228,True
229,114.0,8,2025-08-28,963675,Card,REF-000229,True
230,115.0,8,2025-08-31,112604,ACH,REF-000230,True
231,115.0,8,2025-09-25,426602,Card,REF-000231,True
232,116.0,8,2025-10-08,232111,Wire,REF-000232,True
233,116.0,8,2025-08-13,656326,Check,REF-000233,True
234,117.0,8,2025-11-05,442487,Check,REF-000234,True
235,117.0,8,2025-11-23,373578,Card,REF-000235,True
236,118.0,9,2025-09-23,1969699,ACH,REF-000236,True
237,119.0,9,2025-10-10,294038,Check,REF-000237,True
238,119.0,9,2025-10-09,914695,Card,REF-000238,True
239,120.0,9,2025-11-01,77013,Wire,REF-000239,True
240,120.0,9,2025-12-05,29806,Check,REF-000240,True
241,120.0,9,2025-11-30,75592,Check,REF-000241,True
242,121.0,9,2025-09-07,26585,Card,REF-000242,True
243,121.0,9,2025-09-15,15783,ACH,REF-000243,True
244,121.0,9,2025-09-29,13938,ACH,REF-000244,True
245,122.0,9,2025-09-29,114266,Wire,REF-000245,True
246,122.0,9,2025-10-03,71847,ACH,REF-000246,True
247,122.0,9,2025-09-23,259860,Wire,REF-000247,True
248,123.0,9,2025-12-09,270739,Check,REF-000248,True
249,123.0,9,2025-11-18,309288,Check,REF-000249,True
250,124.0,9,2025-12-18,524847,Card,REF-000250,True
251,124.0,9,2025-12-14,572066,ACH,REF-000251,True
252,125.0,9,2025-11-28,148765,Check,REF-000252,True
253,125.0,9,2026-01-12,154570,Check,REF-000253,True
254,126.0,9,2025-09-08,525450,Wire,REF-000254,True
255,126.0,9,2025-09-08,216368,Wire,REF-000255,True
256,126.0,9,2025-09-23,595514,Wire,REF-000256,True
257,127.0,9,2025-10-31,272103,Card,REF-000257,True
258,128.0,10,2026-01-11,1400157,Check,REF-000258,True
259,129.0,10,2025-10-13,25991,ACH,REF-000259,True
260,129.0,10,2025-10-12,35528,Card,REF-000260,True
261,129.0,10,2025-11-23,62305,Card,REF-000261,True
262,130.0,10,2025-10-02,457984,Card,REF-000262,True
263,130.0,10,2025-10-08,413937,Card,REF-000263,True
264,131.0,10,2025-09-04,444631,Card,REF-000264,True
265,131.0,10,2025-10-03,444664,Wire,REF-000265,True
266,132.0,10,2025-11-17,571328,ACH,REF-000266,True
267,132.0,10,2025-12-18,150254,Wire,REF-000267,True
268,132.0,10,2026-01-10,303476,Card,REF-000268,True
269,133.0,11,2025-12-11,771608,Wire,REF-000269,True
270,133.0,11,2025-10-16,1534941,ACH,REF-000270,True
271,134.0,11,2025-08-26,435870,Check,REF-000271,True
272,134.0,11,2025-08-23,103600,Card,REF-000272,True
273,134.0,11,2025-09-28,338832,Wire,REF-000273,True
274,135.0,11,2025-09-25,209391,Wire,REF-000274,True
275,135.0,11,2025-09-23,74246,Card,REF-000275,True
276,135.0,11,2025-09-14,248625,Wire,REF-000276,True
277,136.0,11,2025-10-20,153058,Wire,REF-000277,True
278,136.0,11,2025-09-24,79463,ACH,REF-000278,True
279,136.0,11,2025-09-21,274057,Wire,REF-000279,True
280,137.0,11,2026-01-02,494899,Card,REF-000280,True
281,138.0,11,2025-12-01,343107,Card,REF-000281,True
282,138.0,11,2025-12-03,628448,ACH,REF-000282,True
283,139.0,11,2025-10-01,545506,ACH,REF-000283,True
284,139.0,11,2025-10-03,1243255,Check,REF-000284,True
285,140.0,11,2025-10-14,108163,Wire,REF-000285,True
286,140.0,11,2025-10-26,211395,Card,REF-000286,True
287,141.0,11,2025-08-29,37603,Check,REF-000287,True
288,142.0,11,2025-08-31,1093241,Wire,REF-000288,True
289,143.0,11,2025-10-26,41058,Check,REF-000289,True
290,143.0,11,2025-10-06,55356,Card,REF-000290,True
291,144.0,11,2025-12-14,606238,Check,REF-000291,True
292,145.0,11,2025-09-27,294376,Wire,REF-000292,True
293,145.0,11,2025-10-01,475719,Check,REF-000293,True
294,146.0,11,2025-08-25,252431,Card,REF-000294,True
295,146.0,11,2025-09-16,689816,ACH,REF-000295,True
296,147.0,11,2025-08-27,152305,Wire,REF-000296,True
297,148.0,11,2025-08-08,699993,Wire,REF-000297,True
298,149.0,11,2025-09-25,58149,Check,REF-000298,True
299,149.0,11,2025-10-24,199663,Wire,REF-000299,True
300,150.0,11,2025-12-17,521813,Wire,REF-000300,True
301,150.0,11,2025-11-21,580191,Check,REF-000301,True
302,150.0,11,2025-11-26,1073745,Wire,REF-000302,True
303,151.0,11,2025-11-12,405959,Check,REF-000303,True
304,151.0,11,2025-12-06,537550,Wire,REF-000304,True
305,152.0,12,2025-12-05,710063,Check,REF-000305,True
306,153.0,12,2025-12-02,2056707,ACH,REF-000306,True
307,154.0,12,2025-12-11,641281,ACH,REF-000307,True
308,154.0,12,2025-11-15,164705,Wire,REF-000308,True
309,154.0,12,2025-11-07,339775,Card,REF-000309,True
310,155.0,12,2026-01-12,470519,Card,REF-000310,True
311,155.0,12,2025-12-04,289758,ACH,REF-000311,True
312,155.0,12,2025-12-15,708323,Check,REF-000312,True
313,156.0,12,2025-11-01,2084854,ACH,REF-000313,True
314,157.0,12,2025-10-09,137593,Check,REF-000314,True
315,157.0,12,2025-09-09,36758,ACH,REF-000315,True
316,157.0,12,2025-09-03,62536,Card,REF-000316,True
317,158.0,12,2025-12-02,647657,Card,REF-000317,True
318,158.0,12,2026-01-16,582083,Card,REF-000318,True
319,159.0,12,2025-10-04,1435709,Wire,REF-000319,True
320,159.0,12,2025-09-18,1765609,Wire,REF-000320,True
321,160.0,13,2025-11-07,1327296,Check,REF-000321,True
322,161.0,13,2025-12-06,1308495,Wire,REF-000322,True
323,162.0,13,2025-09-21,1042849,Check,REF-000323,True
324,162.0,13,2025-10-07,217787,Check,REF-000324,True
325,162.0,13,2025-08-24,747936,Card,REF-000325,True
326,163.0,13,2025-10-13,663420,Card,REF-000326,True
327,163.0,13,2025-10-31,454996,ACH,REF-000327,True
328,164.0,13,2025-10-16,580741,ACH,REF-000328,True
329,164.0,13,2025-11-10,401607,ACH,REF-000329,True
330,164.0,13,2025-09-28,672750,Check,REF-000330,True
331,165.0,13,2025-09-06,828237,ACH,REF-000331,True
332,165.0,13,2025-10-17,513237,Wire,REF-000332,True
333,165.0,13,2025-09-30,644568,Wire,REF-000333,True
334,166.0,13,2025-08-12,1088792,Check,REF-000334,True
335,167.0,13,2025-09-21,94143,Wire,REF-000335,True
336,167.0,13,2025-09-28,286548,Wire,REF-000336,True
337,168.0,13,2026-01-08,126952,Wire,REF-000337,True
338,168.0,13,2025-11-11,252570,ACH,REF-000338,True
339,168.0,13,2026-01-05,234770,ACH,REF-000339,True
340,169.0,13,2025-11-11,928635,Card,REF-000340,True
341,169.0,13,2025-10-24,540330,Check,REF-000341,True
342,169.0,13,2025-11-02,1600242,Card,REF-000342,True
343,170.0,14,2025-12-13,243393,Card,REF-000343,True
344,170.0,14,2025-12-15,137838,Check,REF-000344,True
345,170.0,14,2025-11-03,218562,Check,REF-000345,True
346,171.0,14,2025-09-17,119477,Check,REF-000346,True
347,171.0,14,2025-09-30,217631,Card,REF-000347,True
348,172.0,14,2025-11-30,91695,Check,REF-000348,True
349,172.0,14,2025-12-09,98159,Card,REF-000349,True
350,172.0,14,2025-11-09,242334,Card,REF-000350,True
351,173.0,14,2025-11-20,1913315,Check,REF-000351,True
352,174.0,14,2025-11-25,290076,ACH,REF-000352,True
353,175.0,14,2025-09-15,127218,Wire,REF-000353,True
354,175.0,14,2025-10-19,67415,Check,REF-000354,True
355,175.0,14,2025-10-11,200502,Check,REF-000355,True
356,176.0,14,2025-09-29,1981631,ACH,REF-000356,True
357,177.0,14,2026-01-09,150649,Wire,REF-000357,True
358,177.0,14,2025-12-26,42444,ACH,REF-000358,True
359,177.0,14,2025-11-25,68465,Wire,REF-000359,True
360,178.0,15,2025-12-26,690889,ACH,REF-000360,True
361,178.0,15,2025-11-13,1336644,ACH,REF-000361,True
362,179.0,15,2025-11-18,485990,ACH,REF-000362,True
363,180.0,15,2025-11-28,62042,ACH,REF-000363,True
364,181.0,15,2025-12-27,231189,ACH,REF-000364,True
365,182.0,15,2025-12-05,105059,Card,REF-000365,True
366,182.0,15,2025-11-12,166350,Check,REF-000366,True
367,183.0,15,2025-10-17,250406,ACH,REF-000367,True
368,183.0,15,2025-10-29,132609,ACH,REF-000368,True
369,183.0,15,2025-10-10,409155,ACH,REF-000369,True
370,184.0,15,2025-10-24,64761,ACH,REF-000370,True
371,184.0,15,2025-10-19,150859,Check,REF-000371,True
372,185.0,15,2025-10-10,516937,Wire,REF-000372,True
373,185.0,15,2025-09-04,791889,Wire,REF-000373,True
374,186.0,15,2025-08-09,757290,Card,REF-000374,True
375,186.0,15,2025-08-25,604311,Wire,REF-000375,True
376,187.0,16,2025-10-22,227110,Card,REF-000376,True
377,187.0,16,2025-10-06,241043,Wire,REF-000377,True
378,187.0,16,2025-10-24,257393,Check,REF-000378,True
379,188.0,16,2025-10-23,370519,Check,REF-000379,True
380,189.0,16,2026-01-15,1560441,Card,REF-000380,True
381,190.0,16,2026-01-19,261901,Check,REF-000381,True
382,191.0,16,2025-11-29,353798,Check,REF-000382,True
383,191.0,16,2026-01-12,300484,Wire,REF-000383,True
384,191.0,16,2025-12-22,336296,Check,REF-000384,True
385,192.0,16,2025-09-01,2306777,Check,REF-000385,True
386,193.0,16,2025-12-31,642,Card,REF-000386,True
387,193.0,16,2025-12-08,455,Wire,REF-000387,True
388,193.0,16,2025-12-08,457,Card,REF-000388,True
389,194.0,16,2025-08-23,883082,Wire,REF-000389,True
390,195.0,16,2025-09-08,889212,Card,REF-000390,True
391,196.0,16,2025-12-31,170538,Card,REF-000391,True
392,197.0,16,2025-10-30,163802,ACH,REF-000392,True
393,197.0,16,2025-09-30,351027,Wire,REF-000393,True
394,198.0,16,2025-10-09,1477113,Card,REF-000394,True
395,199.0,16,2025-10-26,70177,Check,REF-000395,True
396,199.0,16,2025-11-03,40517,Check,REF-000396,True
397,199.0,16,2025-11-22,150983,Card,REF-000397,True
398,200.0,16,2025-09-03,1403239,Wire,REF-000398,True
399,201.0,16,2025-11-23,5532,ACH,REF-000399,True
400,201.0,16,2025-11-04,2995,Wire,REF-000400,True
401,201.0,16,2025-12-20,7899,Check,REF-000401,True
402,202.0,16,2025-11-01,74419,Card,REF-000402,True
403,202.0,16,2025-11-10,115610,Card,REF-000403,True
404,202.0,16,2025-11-01,81412,Check,REF-000404,True
405,203.0,16,2025-11-09,337240,Card,REF-000405,True
406,203.0,16,2025-10-30,120022,Check,REF-000406,True
407,203.0,16,2025-11-01,157011,Wire,REF-000407,True
408,204.0,16,2025-10-18,199284,Check,REF-000408,True
409,204.0,16,2025-11-29,454122,Check,REF-000409,True
410,205.0,17,2025-11-20,748099,Card,REF-000410,True
411,205.0,17,2025-11-29,1753465,Card,REF-000411,True
412,206.0,17,2025-11-28,986908,Card,REF-000412,True
413,207.0,17,2025-11-06,533517,Check,REF-000413,True
414,207.0,17,2025-11-07,766359,Card,REF-000414,True
415,208.0,17,2025-12-01,447853,Check,REF-000415,True
416,209.0,17,2025-08-21,86072,Check,REF-000416,True
417,209.0,17,2025-09-01,51129,Wire,REF-000417,True
418,209.0,17,2025-08-25,105588,Card,REF-000418,True
419,210.0,17,2025-10-24,478328,Check,REF-000419,True
420,210.0,17,2025-10-30,1881242,Wire,REF-000420,True
421,211.0,17,2025-10-15,132871,Card,REF-000421,True
422,211.0,17,2025-11-29,191998,ACH,REF-000422,True
423,212.0,17,2025-10-03,976064,Wire,REF-000423,True
424,212.0,17,2025-10-14,329983,Wire,REF-000424,True
425,212.0,17,2025-10-20,501552,Wire,REF-000425,True
426,213.0,17,2025-11-28,1031142,ACH,REF-000426,True
427,213.0,17,2025-11-10,890305,Check,REF-000427,True
428,214.0,17,2025-12-30,18804,Check,REF-000428,True
429,214.0,17,2025-12-27,12601,ACH,REF-000429,True
430,214.0,17,2025-11-16,42773,ACH,REF-000430,True
431,215.0,17,2025-09-19,778032,Card,REF-000431,True
432,215.0,17,2025-09-08,2330896,Check,REF-000432,True
433,216.0,17,2025-11-02,144604,Check,REF-000433,True
434,217.0,17,2025-08-29,63700,Card,REF-000434,True
435,218.0,17,2025-11-29,382256,Check,REF-000435,True
436,218.0,17,2025-10-04,264997,Card,REF-000436,True
437,219.0,17,2025-09-15,1353529,Card,REF-000437,True
438,220.0,17,2026-01-14,589123,Card,REF-000438,True
439,220.0,17,2025-12-29,1126115,ACH,REF-000439,True
440,221.0,17,2025-11-17,168844,Wire,REF-000440,True
441,221.0,17,2025-11-07,145025,Card,REF-000441,True
442,222.0,17,2025-10-22,806438,ACH,REF-000442,True
443,223.0,17,2025-12-06,1131526,Wire,REF-000443,True
444,224.0,18,2025-11-02,376103,Check,REF-000444,True
445,224.0,18,2025-12-10,79532,Wire,REF-000445,True
446,224.0,18,2025-10-23,232578,Card,REF-000446,True
447,225.0,18,2025-11-04,309022,ACH,REF-000447,True
448,226.0,18,2025-09-28,450131,ACH,REF-000448,True
449,227.0,18,2025-08-30,303573,ACH,REF-000449,True
450,228.0,18,2025-12-31,329041,Wire,REF-000450,True
451,228.0,18,2026-01-05,924236,Check,REF-000451,True
452,229.0,18,2025-10-29,46778,Wire,REF-000452,True
453,229.0,18,2025-12-13,59424,Wire,REF-000453,True
454,229.0,18,2025-11-21,47531,Check,REF-000454,True
455,230.0,18,2025-10-11,118417,Check,REF-000455,True
456,230.0,18,2025-10-27,114688,Wire,REF-000456,True
457,230.0,18,2025-10-20,170853,Card,REF-000457,True
458,231.0,18,2025-11-16,1667366,Check,REF-000458,True
459,232.0,19,2025-09-07,692349,Wire,REF-000459,True
460,232.0,19,2025-10-04,251167,Wire,REF-000460,True
461,232.0,19,2025-10-03,268796,ACH,REF-000461,True
462,233.0,19,2025-11-26,1014907,Wire,REF-000462,True
463,234.0,19,2025-08-30,73353,Wire,REF-000463,True
464,234.0,19,2025-09-18,39931,Wire,REF-000464,True
465,234.0,19,2025-10-15,130640,Wire,REF-000465,True
466,235.0,19,2025-12-26,53514,Card,REF-000466,True
467,235.0,19,2025-11-24,81689,Wire,REF-000467,True
468,235.0,19,2025-12-13,76012,Wire,REF-000468,True
469,236.0,19,2025-11-08,484687,Card,REF-000469,True
470,236.0,19,2025-11-26,693810,ACH,REF-000470,True
471,237.0,19,2025-10-29,210415,Card,REF-000471,True
472,237.0,19,2025-11-11,158453,ACH,REF-000472,True
473,237.0,19,2025-10-11,193335,Wire,REF-000473,True
474,238.0,19,2025-11-13,150067,Check,REF-000474,True
475,238.0,19,2025-11-13,155817,Check,REF-000475,True
476,238.0,19,2025-10-17,284317,Card,REF-000476,True
477,239.0,19,2026-01-23,520186,ACH,REF-000477,True
478,239.0,19,2026-01-10,376354,Check,REF-000478,True
479,239.0,19,2025-11-24,316387,Wire,REF-000479,True
480,240.0,19,2025-12-17,124714,Card,REF-000480,True
481,240.0,19,2026-01-15,54087,Check,REF-000481,True
482,240.0,19,2025-12-15,63064,ACH,REF-000482,True
483,241.0,20,2025-09-29,1062402,Check,REF-000483,True
484,242.0,20,2025-11-11,161277,Check,REF-000484,True
485,242.0,20,2025-12-10,111963,Check,REF-000485,True
486,243.0,20,2025-10-22,215350,Check,REF-000486,True
487,243.0,20,2025-11-06,153526,Wire,REF-000487,True
488,243.0,20,2025-11-26,149197,Check,REF-000488,True
489,244.0,20,2025-12-06,976235,Wire,REF-000489,True
490,244.0,20,2025-10-12,863788,Wire,REF-000490,True
491,245.0,20,2025-12-16,744930,Check,REF-000491,True
492,245.0,20,2025-10-26,1176927,Wire,REF-000492,True
493,246.0,20,2025-12-22,30061,Check,REF-000493,True
494,246.0,20,2025-11-08,22440,Wire,REF-000494,True
495,247.0,20,2025-09-13,491217,Card,REF-000495,True
496,247.0,20,2025-08-23,547287,Wire,REF-000496,True
497,248.0,20,2025-11-18,506765,Card,REF-000497,True
498,248.0,20,2026-01-08,258898,Check,REF-000498,True
499,248.0,20,2025-11-30,330749,Card,REF-000499,True
500,249.0,20,2025-10-03,1209691,Check,REF-000500,True
501,249.0,20,2025-10-07,968671,Wire,REF-000501,True
502,249.0,20,2025-09-25,864185,ACH,REF-000502,True
503,250.0,20,2025-12-09,779335,Wire,REF-000503,True
504,250.0,20,2025-12-08,362965,ACH,REF-000504,True
505,250.0,20,2025-12-09,1144670,Card,REF-000505,True
506,251.0,20,2025-08-29,30432,Check,REF-000506,True
507,251.0,20,2025-09-15,38373,Wire,REF-000507,True
508,252.0,20,2025-09-21,932997,Card,REF-000508,True
509,253.0,20,2025-12-28,1554195,Wire,REF-000509,True
510,254.0,20,2025-09-23,541275,Card,REF-000510,True
511,254.0,20,2025-09-09,301531,ACH,REF-000511,True
512,254.0,20,2025-09-24,401163,Check,REF-000512,True
513,255.0,20,2025-11-10,437499,Card,REF-000513,True
514,256.0,20,2025-10-15,445294,Check,REF-000514,True
515,256.0,20,2025-09-30,234367,Wire,REF-000515,True
516,256.0,20,2025-10-19,258242,Wire,REF-000516,True
517,257.0,20,2025-12-01,741077,ACH,REF-000517,True
518,258.0,20,2026-01-12,371512,ACH,REF-000518,True
519,258.0,20,2025-11-27,109410,ACH,REF-000519,True
520,258.0,20,2026-01-18,342213,Wire,REF-000520,True
521,259.0,20,2025-12-29,53193,Wire,REF-000521,True
522,260.0,21,2025-11-25,826539,ACH,REF-000522,True
523,260.0,21,2025-11-23,721917,Check,REF-000523,True
524,261.0,21,2025-10-08,663857,ACH,REF-000524,True
525,262.0,21,2025-08-02,68900,Wire,REF-000525,True
526,262.0,21,2025-10-02,25106,Card,REF-000526,True
527,262.0,21,2025-09-13,24138,Wire,REF-000527,True
528,263.0,21,2025-12-13,1403905,Card,REF-000528,True
529,264.0,21,2025-09-03,64508,Card,REF-000529,True
530,264.0,21,2025-08-26,14148,Check,REF-000530,True
531,264.0,21,2025-10-03,34824,Check,REF-000531,True
532,265.0,21,2025-11-17,566408,ACH,REF-000532,True
533,265.0,21,2025-12-19,316282,ACH,REF-000533,True
534,265.0,21,2025-11-19,313850,Wire,REF-000534,True
535,266.0,21,2025-12-15,90993,Wire,REF-000535,True
536,266.0,21,2026-01-02,43578,Check,REF-000536,True
537,266.0,21,2025-11-07,152565,Card,REF-000537,True
538,267.0,22,2025-11-17,604309,ACH,REF-000538,True
539,267.0,22,2025-10-17,284509,ACH,REF-000539,True
540,267.0,22,2025-11-16,206940,Card,REF-000540,True
541,268.0,22,2025-10-03,220651,Card,REF-000541,True
542,268.0,22,2025-09-02,245261,Card,REF-000542,True
543,269.0,22,2026-01-02,256424,Card,REF-000543,True
544,269.0,22,2026-01-06,139379,Check,REF-000544,True
545,269.0,22,2026-01-13,401801,ACH,REF-000545,True
546,270.0,22,2025-11-21,320385,Card,REF-000546,True
547,270.0,22,2025-11-04,253492,Card,REF-000547,True
548,270.0,22,2025-11-21,696847,Wire,REF-000548,True
549,271.0,22,2025-08-15,13518,Wire,REF-000549,True
550,271.0,22,2025-08-18,40589,Card,REF-000550,True
551,272.0,22,2025-12-10,105077,Wire,REF-000551,True
552,272.0,22,2025-11-28,108190,Card,REF-000552,True
553,272.0,22,2026-01-10,294187,Check,REF-000553,True
554,273.0,22,2025-10-20,968067,ACH,REF-000554,True
555,273.0,22,2025-10-19,231911,Wire,REF-000555,True
556,273.0,22,2025-09-15,616432,Check,REF-000556,True
557,274.0,22,2025-12-20,689614,Check,REF-000557,True
558,275.0,22,2025-11-10,74486,Check,REF-000558,True
559,275.0,22,2025-12-19,175934,Check,REF-000559,True
560,276.0,22,2025-08-21,400845,Card,REF-000560,True
561,276.0,22,2025-08-12,140097,Wire,REF-000561,True
562,276.0,22,2025-08-17,169678,Check,REF-000562,True
563,277.0,23,2025-09-03,473901,Wire,REF-000563,True
564,278.0,23,2025-09-15,204371,Wire,REF-000564,True
565,278.0,23,2025-09-03,273623,Card,REF-000565,True
566,278.0,23,2025-08-19,279182,ACH,REF-000566,True
567,279.0,23,2025-09-06,92859,Check,REF-000567,True
568,279.0,23,2025-08-18,71528,Card,REF-000568,True
569,280.0,23,2025-08-05,50867,Wire,REF-000569,True
570,280.0,23,2025-09-27,189927,ACH,REF-000570,True
571,281.0,23,2025-10-19,744978,Check,REF-000571,True
572,281.0,23,2025-12-06,647705,Wire,REF-000572,True
573,281.0,23,2025-12-08,1141148,Wire,REF-000573,True
574,282.0,23,2025-10-29,263588,Check,REF-000574,True
575,283.0,23,2025-10-29,93604,Wire,REF-000575,True
576,283.0,23,2025-10-24,367917,ACH,REF-000576,True
577,284.0,23,2025-11-16,153584,ACH,REF-000577,True
578,284.0,23,2025-10-25,142885,Wire,REF-000578,True
579,285.0,23,2025-09-09,968211,Wire,REF-000579,True
580,286.0,23,2025-10-13,1650681,Wire,REF-000580,True
581,287.0,23,2025-12-21,2032825,ACH,REF-000581,True
582,288.0,23,2025-08-23,451115,Wire,REF-000582,True
583,288.0,23,2025-09-14,802775,Check,REF-000583,True
584,289.0,23,2025-11-19,138960,Check,REF-000584,True
585,290.0,23,2025-09-03,18407,ACH,REF-000585,True
586,290.0,23,2025-10-15,16633,Card,REF-000586,True
587,290.0,23,2025-10-02,47975,Card,REF-000587,True
588,291.0,23,2025-09-24,1024110,Wire,REF-000588,True
589,291.0,23,2025-09-22,371200,Check,REF-000589,True
590,291.0,23,2025-08-31,396642,ACH,REF-000590,True
591,292.0,23,2025-11-22,457963,Check,REF-000591,True
592,292.0,23,2025-10-11,1548195,Check,REF-000592,True
593,293.0,23,2025-12-04,829620,ACH,REF-000593,True
594,293.0,23,2025-12-23,997851,Card,REF-000594,True
595,294.0,23,2025-11-08,26350,Check,REF-000595,True
596,294.0,23,2025-11-15,21008,ACH,REF-000596,True
597,295.0,23,2025-12-27,52156,Check,REF-000597,True
598,295.0,23,2025-12-04,61851,Card,REF-000598,True
599,296.0,23,2025-12-06,261004,Card,REF-000599,True
600,296.0,23,2025-12-11,723901,Check,REF-000600,True
601,297.0,24,2025-09-22,669719,Card,REF-000601,True
602,298.0,24,2025-12-15,126294,Wire,REF-000602,True
603,298.0,24,2025-11-24,211285,Check,REF-000603,True
604,299.0,24,2025-10-02,460865,Check,REF-000604,True
605,300.0,24,2025-09-29,256176,Check,REF-000605,True
606,301.0,24,2025-10-15,551670,Card,REF-000606,True
607,301.0,24,2025-11-21,210835,Wire,REF-000607,True
608,301.0,24,2025-10-08,504617,Wire,REF-000608,True
609,302.0,24,2025-09-14,1097412,Check,REF-000609,True
610,302.0,24,2025-08-30,344930,Wire,REF-000610,True
611,302.0,24,2025-09-11,564614,Wire,REF-000611,True
612,303.0,24,2025-09-15,206263,ACH,REF-000612,True
613,304.0,24,2025-10-30,377885,Wire,REF-000613,True
614,304.0,24,2025-09-28,625525,Wire,REF-000614,True
615,305.0,24,2025-11-10,110939,Check,REF-000615,True
616,305.0,24,2025-12-03,180660,Card,REF-000616,True
617,306.0,24,2025-11-22,915663,ACH,REF-000617,True
618,306.0,24,2025-11-18,3019766,Wire,REF-000618,True
619,307.0,24,2025-08-18,120452,Wire,REF-000619,True
620,307.0,24,2025-09-20,240010,Card,REF-000620,True
621,308.0,24,2025-12-17,159274,Check,REF-000621,True
622,308.0,24,2025-12-16,73042,ACH,REF-000622,True
623,308.0,24,2025-11-09,117866,ACH,REF-000623,True
624,309.0,24,2025-09-10,916954,ACH,REF-000624,True
625,310.0,24,2026-01-10,67939,Wire,REF-000625,True
626,310.0,24,2026-01-09,90825,Wire,REF-000626,True
627,310.0,24,2025-12-23,76982,Check,REF-000627,True
628,311.0,24,2025-10-09,4529,Wire,REF-000628,True
629,311.0,24,2025-09-28,8308,Card,REF-000629,True
630,312.0,25,2025-10-19,223884,Check,REF-000630,True
631,313.0,25,2025-09-29,418424,Check,REF-000631,True
632,313.0,25,2025-10-05,295203,ACH,REF-000632,True
633,314.0,25,2025-08-30,831778,Check,REF-000633,True
634,314.0,25,2025-10-31,1290917,ACH,REF-000634,True
635,315.0,25,2025-12-25,202536,Wire,REF-000635,True
636,315.0,25,2025-12-21,640722,ACH,REF-000636,True
637,316.0,25,2025-10-06,142817,Check,REF-000637,True
638,316.0,25,2025-10-24,105456,Check,REF-000638,True
639,316.0,25,2025-10-10,97261,Card,REF-000639,True
640,317.0,25,2025-12-30,70229,Card,REF-000640,True
641,317.0,25,2026-01-20,93174,Card,REF-000641,True
642,317.0,25,2026-01-20,75694,Check,REF-000642,True
643,318.0,25,2025-12-15,68510,Check,REF-000643,True
644,318.0,25,2025-12-03,154257,ACH,REF-000644,True
645,319.0,25,2025-11-10,596788,Card,REF-000645,True
646,319.0,25,2025-11-03,152659,ACH,REF-000646,True
647,319.0,25,2025-11-23,547792,Check,REF-000647,True
648,320.0,26,2025-10-16,552451,ACH,REF-000648,True
649,321.0,26,2025-12-12,330603,Card,REF-000649,True
650,321.0,26,2025-11-15,55866,Check,REF-000650,True
651,321.0,26,2025-12-08,184659,Wire,REF-000651,True
652,322.0,26,2025-11-16,785839,Wire,REF-000652,True
653,322.0,26,2025-10-10,408912,ACH,REF-000653,True
654,322.0,26,2025-10-12,287366,ACH,REF-000654,True
655,323.0,26,2025-12-05,86810,ACH,REF-000655,True
656,323.0,26,2025-12-20,36048,ACH,REF-000656,True
657,323.0,26,2026-01-03,80456,Check,REF-000657,True
658,324.0,26,2025-10-28,471908,Card,REF-000658,True
659,324.0,26,2025-10-28,581526,Check,REF-000659,True
660,324.0,26,2025-11-16,781182,Wire,REF-000660,True
661,325.0,26,2025-12-24,730715,ACH,REF-000661,True
662,326.0,26,2025-12-08,137072,Check,REF-000662,True
663,327.0,26,2025-09-13,1279467,Card,REF-000663,True
664,328.0,26,2025-11-09,213324,Wire,REF-000664,True
665,328.0,26,2025-11-18,639179,ACH,REF-000665,True
666,329.0,26,2025-09-17,461644,ACH,REF-000666,True
667,329.0,26,2025-08-09,298333,Card,REF-000667,True
668,329.0,26,2025-08-22,245122,ACH,REF-000668,True
669,330.0,26,2025-09-27,152868,Wire,REF-000669,True
670,330.0,26,2025-11-18,81795,Check,REF-000670,True
671,330.0,26,2025-11-15,99678,Check,REF-000671,True
672,331.0,26,2025-11-19,325102,ACH,REF-000672,True
673,332.0,26,2025-12-28,1269024,Card,REF-000673,True
674,332.0,26,2025-11-24,1052729,Wire,REF-000674,True
675,333.0,26,2025-10-09,1740431,ACH,REF-000675,True
676,334.0,26,2025-09-20,86119,Card,REF-000676,True
677,334.0,26,2025-08-13,65762,Card,REF-000677,True
678,335.0,26,2025-10-07,452272,ACH,REF-000678,True
679,335.0,26,2025-10-17,1739309,Check,REF-000679,True
680,336.0,26,2026-01-03,1401452,ACH,REF-000680,True
681,336.0,26,2025-12-12,1526157,Wire,REF-000681,True
682,337.0,27,2025-11-13,61027,Card,REF-000682,True
683,337.0,27,2026-01-05,182381,Check,REF-000683,True
684,338.0,27,2025-09-23,34782,Check,REF-000684,True
685,338.0,27,2025-10-13,52394,ACH,REF-000685,True
686,338.0,27,2025-09-19,44405,ACH,REF-000686,True
687,339.0,27,2025-11-29,1154187,ACH,REF-000687,True
688,340.0,27,2025-08-29,26451,ACH,REF-000688,True
689,340.0,27,2025-09-03,6848,ACH,REF-000689,True
690,340.0,27,2025-10-10,12299,ACH,REF-000690,True
691,341.0,27,2025-10-08,273279,Check,REF-000691,True
692,341.0,27,2025-09-23,416602,ACH,REF-000692,True
693,342.0,27,2025-12-20,1354150,ACH,REF-000693,True
694,343.0,27,2025-09-23,585905,Card,REF-000694,True
695,343.0,27,2025-09-14,779496,Card,REF-000695,True
696,344.0,27,2025-10-06,345440,Check,REF-000696,True
697,344.0,27,2025-10-11,823414,Wire,REF-000697,True
698,345.0,27,2025-11-22,1032617,Card,REF-000698,True
699,346.0,27,2025-12-05,359037,Wire,REF-000699,True
700,346.0,27,2025-11-16,171530,Wire,REF-000700,True
701,346.0,27,2025-12-08,329108,Card,REF-000701,True
702,347.0,28,2025-12-22,339332,ACH,REF-000702,True
703,348.0,28,2025-11-11,242695,ACH,REF-000703,True
704,348.0,28,2025-10-31,390799,Card,REF-000704,True
705,349.0,28,2025-11-03,1263615,Wire,REF-000705,True
706,350.0,28,2025-10-09,970474,ACH,REF-000706,True
707,350.0,28,2025-09-29,856780,Wire,REF-000707,True
708,350.0,28,2025-10-01,625224,Check,REF-000708,True
709,351.0,28,2025-10-15,121998,ACH,REF-000709,True
710,352.0,28,2025-12-02,14093,Check,REF-000710,True
711,352.0,28,2025-11-17,15683,Card,REF-000711,True
712,353.0,28,2025-11-17,1763915,Wire,REF-000712,True
713,353.0,28,2025-12-28,545249,Card,REF-000713,True
714,353.0,28,2025-11-24,827441,ACH,REF-000714,True
715,354.0,28,2025-10-27,138781,Check,REF-000715,True
716,354.0,28,2025-10-20,54770,ACH,REF-000716,True
717,354.0,28,2025-10-28,41435,ACH,REF-000717,True
718,355.0,28,2025-11-23,345769,Wire,REF-000718,True
719,355.0,28,2025-12-03,110043,ACH,REF-000719,True
720,355.0,28,2026-01-05,124679,Check,REF-000720,True
721,356.0,28,2025-09-27,577239,Card,REF-000721,True
722,356.0,28,2025-10-21,208810,ACH,REF-000722,True
723,356.0,28,2025-10-15,270938,Check,REF-000723,True
724,357.0,28,2025-09-17,904825,Card,REF-000724,True
725,358.0,28,2025-11-21,524659,Wire,REF-000725,True
726,358.0,28,2026-01-06,645875,Wire,REF-000726,True
727,359.0,29,2025-12-04,280685,Card,REF-000727,True
728,359.0,29,2025-11-14,141776,ACH,REF-000728,True
729,359.0,29,2025-11-17,97534,ACH,REF-000729,True
730,360.0,29,2025-09-24,596566,Wire,REF-000730,True
731,360.0,29,2025-08-14,1635697,Check,REF-000731,True
732,361.0,29,2025-10-24,175546,Check,REF-000732,True
733,361.0,29,2025-09-29,51989,Check,REF-000733,True
734,361.0,29,2025-10-10,178908,ACH,REF-000734,True
735,362.0,29,2025-11-10,368166,Check,REF-000735,True
736,363.0,29,2025-09-08,33010,Card,REF-000736,True
737,363.0,29,2025-10-07,55068,Check,REF-000737,True
738,363.0,29,2025-08-31,41668,ACH,REF-000738,True
739,364.0,29,2025-10-09,126052,ACH,REF-000739,True
740,364.0,29,2025-09-25,205644,Wire,REF-000740,True
741,365.0,29,2025-11-12,252302,Check,REF-000741,True
742,365.0,29,2025-10-06,888665,Wire,REF-000742,True
743,366.0,29,2025-11-30,666745,ACH,REF-000743,True
744,366.0,29,2025-11-20,903406,Check,REF-000744,True
745,367.0,29,2025-10-09,37296,Wire,REF-000745,True
746,367.0,29,2025-11-15,32476,Wire,REF-000746,True
747,367.0,29,2025-11-03,22752,Wire,REF-000747,True
748,368.0,29,2025-10-09,32324,Check,REF-000748,True
749,368.0,29,2025-10-27,69043,Wire,REF-000749,True
750,369.0,29,2025-12-05,942991,ACH,REF-000750,True
751,369.0,29,2025-11-29,628820,Card,REF-000751,True
752,370.0,29,2025-11-24,1022728,Card,REF-000752,True
753,371.0,29,2025-11-12,199762,Check,REF-000753,True
754,371.0,29,2025-11-13,162682,Card,REF-000754,True
755,371.0,29,2025-11-20,190898,Card,REF-000755,True
756,372.0,29,2025-08-24,868811,Card,REF-000756,True
757,372.0,29,2025-09-22,687814,Card,REF-000757,True
758,372.0,29,2025-08-04,1037734,Check,REF-000758,True
759,373.0,29,2025-12-01,801240,Wire,REF-000759,True
760,374.0,30,2025-10-30,981132,Check,REF-000760,True
761,374.0,30,2025-09-23,1423146,ACH,REF-000761,True
762,375.0,30,2025-08-26,475841,Check,REF-000762,True
763,376.0,30,2026-01-08,794759,Wire,REF-000763,True
764,376.0,30,2025-12-11,872185,Check,REF-000764,True
765,376.0,30,2025-12-14,625485,ACH,REF-000765,True
766,377.0,30,2025-09-01,826179,Check,REF-000766,True
767,377.0,30,2025-08-23,566098,Card,REF-000767,True
768,377.0,30,2025-08-19,670774,Check,REF-000768,True
769,378.0,30,2025-11-14,759402,Wire,REF-000769,True
770,379.0,30,2025-09-27,688739,Check,REF-000770,True
771,379.0,30,2025-09-27,309560,ACH,REF-000771,True
772,379.0,30,2025-09-04,389718,Card,REF-000772,True
773,380.0,30,2025-10-29,151183,Check,REF-000773,True
774,380.0,30,2025-11-06,493647,Card,REF-000774,True
775,381.0,30,2025-11-11,299976,Check,REF-000775,True
776,381.0,30,2025-11-20,532986,ACH,REF-000776,True
777,382.0,30,2025-12-22,748008,Card,REF-000777,True
778,382.0,30,2025-12-19,161673,Wire,REF-000778,True
779,382.0,30,2025-11-22,489730,ACH,REF-000779,True
780,383.0,30,2025-10-10,113401,Wire,REF-000780,True
781,384.0,30,2025-12-19,339898,Card,REF-000781,True
782,384.0,30,2025-11-11,283286,ACH,REF-000782,True
783,385.0,31,2025-10-24,253009,Card,REF-000783,True
784,385.0,31,2025-10-29,261540,ACH,REF-000784,True
785,385.0,31,2025-09-05,603724,Card,REF-000785,True
786,386.0,31,2025-11-01,738737,Card,REF-000786,True
787,386.0,31,2025-11-15,329757,Wire,REF-000787,True
788,386.0,31,2025-11-22,323389,Card,REF-000788,True
789,387.0,31,2025-09-03,1153573,Wire,REF-000789,True
790,388.0,31,2025-10-05,1051047,Wire,REF-000790,True
791,389.0,31,2025-11-17,881569,Wire,REF-000791,True
792,390.0,31,2025-10-09,82327,Card,REF-000792,True
793,390.0,31,2025-10-17,41544,Check,REF-000793,True
794,390.0,31,2025-10-01,45128,Card,REF-000794,True
795,391.0,31,2025-08-08,286141,Card,REF-000795,True
796,391.0,31,2025-08-05,595366,Check,REF-000796,True
797,392.0,32,2025-10-03,123542,Wire,REF-000797,True
798,392.0,32,2025-09-24,63721,Check,REF-000798,True
799,392.0,32,2025-09-27,85775,Wire,REF-000799,True
800,393.0,32,2025-10-20,21975,ACH,REF-000800,True
801,393.0,32,2025-11-24,8194,Wire,REF-000801,True
802,393.0,32,2025-10-12,11808,ACH,REF-000802,True
803,394.0,32,2025-12-06,295240,Wire,REF-000803,True
804,395.0,32,2025-09-27,72985,Wire,REF-000804,True
805,396.0,32,2025-12-13,732417,Card,REF-000805,True
806,396.0,32,2025-11-24,371745,Card,REF-000806,True
807,396.0,32,2025-10-19,709634,ACH,REF-000807,True
808,397.0,32,2025-11-21,3770682,Card,REF-000808,True
809,398.0,32,2025-12-16,404862,ACH,REF-000809,True
810,398.0,32,2025-11-08,1426401,Wire,REF-000810,True
811,399.0,33,2025-10-16,431803,Wire,REF-000811,True
812,399.0,33,2025-10-19,975165,Card,REF-000812,True
813,400.0,33,2025-09-26,2859978,Wire,REF-000813,True
814,401.0,33,2025-11-04,206494,Card,REF-000814,True
815,402.0,33,2025-11-06,1149451,Wire,REF-000815,True
816,402.0,33,2025-11-27,720403,Card,REF-000816,True
817,402.0,33,2025-10-13,639344,Wire,REF-000817,True
818,403.0,33,2025-12-04,365043,ACH,REF-000818,True
819,404.0,33,2025-11-21,411594,Check,REF-000819,True
820,404.0,33,2026-01-03,438993,Check,REF-000820,True
821,405.0,34,2026-01-02,157799,Check,REF-000821,True
822,405.0,34,2025-12-14,258874,ACH,REF-000822,True
823,406.0,34,2025-10-07,390994,ACH,REF-000823,True
824,407.0,34,2025-10-14,136224,Card,REF-000824,True
825,407.0,34,2025-10-19,75468,Card,REF-000825,True
826,407.0,34,2025-10-28,144743,Card,REF-000826,True
827,408.0,34,2025-10-09,490231,Card,REF-000827,True
828,409.0,34,2025-09-08,29557,ACH,REF-000828,True
829,409.0,34,2025-10-01,74615,ACH,REF-000829,True
830,410.0,34,2025-10-16,369022,Check,REF-000830,True
831,411.0,34,2025-10-15,2033768,Check,REF-000831,True
832,412.0,34,2025-11-18,276906,ACH,REF-000832,True
833,412.0,34,2025-09-25,103127,ACH,REF-000833,True
834,412.0,34,2025-11-08,233405,Check,REF-000834,True
835,413.0,34,2025-10-18,247089,Card,REF-000835,True
836,414.0,34,2025-11-11,146215,Check,REF-000836,True
837,414.0,34,2026-01-06,219987,Check,REF-000837,True
838,415.0,35,2025-09-23,181040,Card,REF-000838,True
839,415.0,35,2025-09-20,462306,Card,REF-000839,True
840,416.0,35,2025-11-16,511399,Wire,REF-000840,True
841,416.0,35,2025-12-09,269993,Card,REF-000841,True
842,416.0,35,2026-01-07,468718,Card,REF-000842,True
843,417.0,35,2025-11-14,144200,Wire,REF-000843,True
844,417.0,35,2025-10-24,143094,Check,REF-000844,True
845,417.0,35,2025-10-12,115028,Wire,REF-000845,True
846,418.0,35,2025-10-26,28846,ACH,REF-000846,True
847,418.0,35,2025-09-18,22154,Card,REF-000847,True
848,418.0,35,2025-10-03,62159,Check,REF-000848,True
849,419.0,35,2025-11-25,659796,ACH,REF-000849,True
850,419.0,35,2025-11-28,534073,ACH,REF-000850,True
851,420.0,35,2025-11-05,228712,Wire,REF-000851,True
852,420.0,35,2025-10-04,684476,Card,REF-000852,True
853,421.0,35,2025-10-19,371534,ACH,REF-000853,True
854,421.0,35,2025-10-13,179319,Check,REF-000854,True
855,421.0,35,2025-11-03,252072,Card,REF-000855,True
856,422.0,35,2025-11-13,168686,Check,REF-000856,True
857,422.0,35,2025-10-28,598638,Card,REF-000857,True
858,423.0,35,2025-10-26,56097,Check,REF-000858,True
859,423.0,35,2025-09-29,56455,ACH,REF-000859,True
860,423.0,35,2025-10-09,136780,Card,REF-000860,True
861,424.0,35,2025-11-01,929824,Check,REF-000861,True
862,424.0,35,2025-11-09,674660,ACH,REF-000862,True
863,425.0,35,2025-11-25,747315,ACH,REF-000863,True
864,425.0,35,2025-10-29,1280142,Wire,REF-000864,True
865,425.0,35,2025-10-08,1247084,Wire,REF-000865,True
866,426.0,36,2026-01-04,660845,Check,REF-000866,True
867,426.0,36,2025-12-07,463849,Card,REF-000867,True
868,427.0,36,2025-10-24,54264,Card,REF-000868,True
869,428.0,36,2025-11-17,69042,Check,REF-000869,True
870,428.0,36,2025-11-30,69086,Check,REF-000870,True
871,429.0,36,2025-11-26,1341874,Card,REF-000871,True
872,429.0,36,2026-01-01,288817,Card,REF-000872,True
873,429.0,36,2025-12-23,650728,Check,REF-000873,True
874,430.0,36,2025-10-27,137563,ACH,REF-000874,True
875,431.0,36,2025-11-28,540637,ACH,REF-000875,True
876,431.0,36,2025-11-22,580101,Card,REF-000876,True
877,432.0,36,2025-11-01,2087300,Card,REF-000877,True
878,433.0,36,2025-09-28,163674,Check,REF-000878,True
879,433.0,36,2025-10-09,131737,Check,REF-000879,True
880,433.0,36,2025-10-31,482748,ACH,REF-000880,True
881,434.0,36,2025-12-26,138864,Card,REF-000881,True
882,434.0,36,2025-11-29,138601,Wire,REF-000882,True
883,434.0,36,2025-12-18,131503,ACH,REF-000883,True
884,435.0,36,2025-08-22,208175,Check,REF-000884,True
885,435.0,36,2025-09-04,178673,ACH,REF-000885,True
886,436.0,36,2025-11-14,264346,Wire,REF-000886,True
887,436.0,36,2025-11-24,157544,ACH,REF-000887,True
888,436.0,36,2025-11-22,112264,ACH,REF-000888,True
889,437.0,36,2025-12-28,642625,Card,REF-000889,True
890,438.0,37,2025-09-15,26561,ACH,REF-000890,True
891,438.0,37,2025-10-18,47773,Wire,REF-000891,True
892,438.0,37,2025-11-07,40151,Wire,REF-000892,True
893,439.0,37,2025-09-03,710901,Check,REF-000893,True
894,439.0,37,2025-08-24,205827,Card,REF-000894,True
895,439.0,37,2025-10-02,330215,Wire,REF-000895,True
896,440.0,37,2025-11-13,806289,ACH,REF-000896,True
897,441.0,37,2025-11-03,75312,Check,REF-000897,True
898,442.0,37,2025-09-05,157392,ACH,REF-000898,True
899,443.0,37,2025-08-08,497036,Wire,REF-000899,True
900,443.0,37,2025-08-13,280166,ACH,REF-000900,True
901,443.0,37,2025-10-06,283050,ACH,REF-000901,True
902,444.0,37,2025-11-17,47677,Card,REF-000902,True
903,445.0,37,2025-11-11,78462,Check,REF-000903,True
904,445.0,37,2025-11-16,32501,ACH,REF-000904,True
905,445.0,37,2025-11-06,44592,ACH,REF-000905,True
906,446.0,37,2025-08-24,2081753,Wire,REF-000906,True
907,447.0,37,2025-08-06,1178330,Card,REF-000907,True
908,447.0,37,2025-08-23,699262,ACH,REF-000908,True
909,447.0,37,2025-08-28,626358,Check,REF-000909,True
910,448.0,37,2025-11-20,137783,Card,REF-000910,True
911,448.0,37,2025-11-27,300091,Wire,REF-000911,True
912,448.0,37,2025-11-22,243058,Wire,REF-000912,True
913,449.0,37,2025-10-02,1113503,Card,REF-000913,True
914,450.0,37,2025-08-24,1010668,Wire,REF-000914,True
915,450.0,37,2025-08-15,274743,ACH,REF-000915,True
916,450.0,37,2025-08-07,543246,Wire,REF-000916,True
917,451.0,37,2025-10-19,1978827,ACH,REF-000917,True
918,452.0,37,2025-12-09,451863,ACH,REF-000918,True
919,452.0,37,2025-11-24,957284,Check,REF-000919,True
920,453.0,37,2025-12-14,161252,ACH,REF-000920,True
921,453.0,37,2025-12-13,600633,ACH,REF-000921,True
922,454.0,38,2025-11-09,2137004,Check,REF-000922,True
923,455.0,38,2025-12-09,93696,Check,REF-000923,True
924,455.0,38,2025-12-24,74460,ACH,REF-000924,True
925,455.0,38,2025-12-03,61463,Wire,REF-000925,True
926,456.0,38,2025-10-05,49082,Wire,REF-000926,True
927,457.0,38,2025-08-31,361689,ACH,REF-000927,True
928,457.0,38,2025-09-26,415947,Card,REF-000928,True
929,458.0,38,2025-12-15,398492,Card,REF-000929,True
930,458.0,38,2025-11-26,700657,Card,REF-000930,True
931,459.0,38,2025-10-08,407333,Card,REF-000931,True
932,459.0,38,2025-11-08,371310,Wire,REF-000932,True
933,460.0,38,2025-12-01,76826,Card,REF-000933,True
934,460.0,38,2025-11-08,53688,Wire,REF-000934,True
935,460.0,38,2025-12-06,74224,Wire,REF-000935,True
936,461.0,38,2025-08-28,1256670,Check,REF-000936,True
937,462.0,38,2025-10-04,2156583,Card,REF-000937,True
938,463.0,38,2025-08-28,273118,Check,REF-000938,True
939,463.0,38,2025-09-25,270355,Wire,REF-000939,True
940,464.0,38,2025-11-04,35971,ACH,REF-000940,True
941,464.0,38,2025-10-30,65075,Wire,REF-000941,True
942,464.0,38,2025-12-06,51248,ACH,REF-000942,True
943,465.0,38,2025-10-17,405278,Wire,REF-000943,True
944,465.0,38,2025-10-04,683078,Card,REF-000944,True
945,466.0,38,2025-11-19,358915,Wire,REF-000945,True
946,466.0,38,2025-11-23,519768,ACH,REF-000946,True
947,467.0,38,2025-11-08,63655,Check,REF-000947,True
948,467.0,38,2025-11-27,29302,ACH,REF-000948,True
949,467.0,38,2025-11-28,57215,Card,REF-000949,True
950,468.0,38,2025-09-12,314511,Wire,REF-000950,True
951,468.0,38,2025-09-16,121162,Wire,REF-000951,True
952,468.0,38,2025-09-28,113160,ACH,REF-000952,True
953,469.0,38,2025-10-11,87978,ACH,REF-000953,True
954,469.0,38,2025-09-10,134010,Wire,REF-000954,True
955,469.0,38,2025-09-12,168505,Wire,REF-000955,True
956,470.0,39,2025-10-19,745545,Check,REF-000956,True
957,470.0,39,2025-10-11,867581,ACH,REF-000957,True
958,471.0,39,2025-12-31,94167,Wire,REF-000958,True
959,472.0,39,2025-09-05,781044,Check,REF-000959,True
960,472.0,39,2025-08-17,472152,Check,REF-000960,True
961,472.0,39,2025-08-21,1195546,Card,REF-000961,True
962,473.0,39,2025-12-19,44963,Card,REF-000962,True
963,473.0,39,2025-12-13,38701,Check,REF-000963,True
964,473.0,39,2025-11-18,59797,Card,REF-000964,True
965,474.0,39,2025-10-23,703186,ACH,REF-000965,True
966,475.0,39,2025-09-21,585897,Check,REF-000966,True
967,475.0,39,2025-08-09,2204836,Wire,REF-000967,True
968,476.0,39,2025-09-29,2146180,ACH,REF-000968,True
969,476.0,39,2025-11-20,1824519,Check,REF-000969,True
970,477.0,39,2025-11-05,84313,ACH,REF-000970,True
971,478.0,39,2025-10-12,177395,Check,REF-000971,True
972,478.0,39,2025-09-05,440042,Check,REF-000972,True
973,479.0,39,2025-11-20,91933,ACH,REF-000973,True
974,479.0,39,2025-12-11,217133,Check,REF-000974,True
975,480.0,40,2026-01-17,1229420,Wire,REF-000975,True
976,480.0,40,2026-01-14,637034,ACH,REF-000976,True
977,480.0,40,2025-12-17,600807,Wire,REF-000977,True
978,481.0,40,2026-01-19,703692,Wire,REF-000978,True
979,481.0,40,2025-12-14,1102311,Card,REF-000979,True
980,482.0,40,2025-09-26,462632,ACH,REF-000980,True
981,483.0,40,2025-09-11,441255,ACH,REF-000981,True
982,484.0,40,2025-12-05,9929,ACH,REF-000982,True
983,484.0,40,2025-11-15,8306,Check,REF-000983,True
984,484.0,40,2025-10-28,8120,ACH,REF-000984,True
985,485.0,40,2025-11-10,268895,Check,REF-000985,True
986,485.0,40,2025-09-26,301199,Check,REF-000986,True
987,486.0,40,2025-09-27,875395,Card,REF-000987,True
988,487.0,40,2025-11-22,23400,Check,REF-000988,True
989,488.0,40,2025-10-11,947537,Check,REF-000989,True
990,489.0,40,2025-10-22,625743,ACH,REF-000990,True
991,489.0,40,2025-10-11,417714,ACH,REF-000991,True
992,490.0,40,2025-12-21,463752,Check,REF-000992,True
993,490.0,40,2026-01-15,346622,ACH,REF-000993,True
994,490.0,40,2026-01-11,241863,Wire,REF-000994,True
995,491.0,40,2025-11-01,420899,Wire,REF-000995,True
996,492.0,40,2025-09-06,343340,Card,REF-000996,True
997,493.0,40,2026-01-05,241321,Card,REF-000997,True
998,493.0,40,2025-12-27,855867,ACH,REF-000998,True
999,494.0,40,2025-12-01,930953,Wire,REF-000999,True
1000,495.0,40,2025-11-18,61296,ACH,REF-001000,True
1001,495.0,40,2025-10-14,47319,Card,REF-001001,True
1002,495.0,40,2025-12-10,70611,Card,REF-001002,True
1003,496.0,40,2025-11-15,386475,Card,REF-001003,True
1004,496.0,40,2025-11-29,369340,ACH,REF-001004,True
1005,497.0,40,2025-10-11,338431,Wire,REF-001005,True
1006,497.0,40,2025-12-05,591027,ACH,REF-001006,True
1007,498.0,40,2025-09-15,1074867,Card,REF-001007,True
1008,499.0,40,2025-09-19,47533,Card,REF-001008,True
1009,499.0,40,2025-09-13,28545,ACH,REF-001009,True
1010,499.0,40,2025-09-09,75191,Wire,REF-001010,True
1011,500.0,41,2025-11-15,924308,Check,REF-001011,True
1012,500.0,41,2025-09-25,579520,Card,REF-001012,True
1013,500.0,41,2025-10-06,544976,ACH,REF-001013,True
1014,501.0,41,2025-10-24,63728,Check,REF-001014,True
1015,501.0,41,2025-10-14,35013,Card,REF-001015,True
1016,501.0,41,2025-09-26,135675,ACH,REF-001016,True
1017,502.0,41,2025-11-25,1064833,Card,REF-001017,True
1018,503.0,41,2025-08-28,190728,ACH,REF-001018,True
1019,503.0,41,2025-09-28,141378,Check,REF-001019,True
1020,504.0,41,2025-10-20,66920,Wire,REF-001020,True
1021,504.0,41,2025-11-19,47218,Wire,REF-001021,True
1022,505.0,41,2025-11-14,175379,Wire,REF-001022,True
1023,506.0,41,2025-10-30,1475510,ACH,REF-001023,True
1024,507.0,41,2025-11-02,1375232,Check,REF-001024,True
1025,507.0,41,2025-11-21,1073346,Check,REF-001025,True
1026,508.0,41,2025-09-29,178935,Card,REF-001026,True
1027,508.0,41,2025-11-05,282652,Wire,REF-001027,True
1028,508.0,41,2025-10-05,216822,Wire,REF-001028,True
1029,509.0,41,2025-11-17,382491,Wire,REF-001029,True
1030,510.0,41,2025-12-26,45729,Wire,REF-001030,True
1031,510.0,41,2025-11-12,17096,Check,REF-001031,True
1032,510.0,41,2025-12-16,57661,ACH,REF-001032,True
1033,511.0,41,2025-09-22,586553,ACH,REF-001033,True
1034,511.0,41,2025-09-18,1186570,Card,REF-001034,True
1035,512.0,41,2025-09-09,1705925,Wire,REF-001035,True
1036,512.0,41,2025-09-20,1400660,ACH,REF-001036,True
1037,513.0,41,2025-08-22,681270,ACH,REF-001037,True
1038,513.0,41,2025-09-10,420109,ACH,REF-001038,True
1039,513.0,41,2025-09-06,300254,ACH,REF-001039,True
1040,514.0,41,2025-10-06,302763,ACH,REF-001040,True
1041,514.0,41,2025-10-01,610711,Card,REF-001041,True
1042,515.0,41,2025-10-18,797372,ACH,REF-001042,True
1043,515.0,41,2025-10-08,1806420,Card,REF-001043,True
1044,516.0,42,2025-10-17,140963,Check,REF-001044,True
1045,516.0,42,2025-09-12,68512,ACH,REF-001045,True
1046,516.0,42,2025-09-17,50710,Card,REF-001046,True
1047,517.0,42,2025-09-12,957693,Check,REF-001047,True
1048,517.0,42,2025-08-22,552176,Check,REF-001048,True
1049,517.0,42,2025-08-16,860694,Wire,REF-001049,True
1050,518.0,42,2026-01-01,105123,Check,REF-001050,True
1051,519.0,42,2025-11-15,190708,Card,REF-001051,True
1052,519.0,42,2025-10-18,584022,ACH,REF-001052,True
1053,520.0,42,2025-08-26,774309,Check,REF-001053,True
1054,520.0,42,2025-09-04,437141,Wire,REF-001054,True
1055,520.0,42,2025-08-27,428248,Wire,REF-001055,True
1056,521.0,42,2025-09-09,499349,Card,REF-001056,True
1057,521.0,42,2025-08-14,863398,Card,REF-001057,True
1058,522.0,42,2025-12-13,63952,Card,REF-001058,True
1059,522.0,42,2025-12-05,35292,Card,REF-001059,True
1060,522.0,42,2025-12-08,39970,Wire,REF-001060,True
1061,523.0,42,2025-11-26,199069,ACH,REF-001061,True
1062,523.0,42,2025-11-19,231978,Card,REF-001062,True
1063,523.0,42,2026-01-02,269628,Card,REF-001063,True
1064,524.0,42,2025-10-19,381416,Card,REF-001064,True
1065,524.0,42,2025-11-07,780641,Check,REF-001065,True
1066,525.0,42,2025-10-27,66092,Card,REF-001066,True
1067,525.0,42,2025-09-09,55022,Wire,REF-001067,True
1068,525.0,42,2025-10-27,53607,ACH,REF-001068,True
1069,526.0,43,2025-09-11,414983,ACH,REF-001069,True
1070,527.0,43,2025-11-27,876097,Card,REF-001070,True
1071,527.0,43,2025-11-23,299899,Wire,REF-001071,True
1072,527.0,43,2025-12-27,878019,Card,REF-001072,True
1073,528.0,43,2026-01-02,911336,Card,REF-001073,True
1074,528.0,43,2025-11-23,2155297,ACH,REF-001074,True
1075,529.0,43,2025-11-10,552420,Check,REF-001075,True
1076,529.0,43,2025-11-23,774536,Check,REF-001076,True
1077,530.0,43,2025-11-12,1486025,Wire,REF-001077,True
1078,531.0,43,2025-10-17,288250,Check,REF-001078,True
1079,532.0,43,2025-09-01,954123,Wire,REF-001079,True
1080,532.0,43,2025-09-23,441120,Wire,REF-001080,True
1081,532.0,43,2025-08-24,345006,Card,REF-001081,True
1082,533.0,43,2025-10-10,160656,Card,REF-001082,True
1083,533.0,43,2025-10-08,203914,Check,REF-001083,True
1084,534.0,43,2026-01-25,1038437,ACH,REF-001084,True
1085,535.0,44,2025-09-27,638055,Card,REF-001085,True
1086,535.0,44,2025-10-08,1884027,Card,REF-001086,True
1087,536.0,44,2025-10-12,65108,ACH,REF-001087,True
1088,537.0,44,2025-09-19,381178,Check,REF-001088,True
1089,537.0,44,2025-11-14,598638,ACH,REF-001089,True
1090,538.0,44,2025-11-26,336324,Check,REF-001090,True
1091,538.0,44,2025-11-30,1246920,Wire,REF-001091,True
1092,539.0,44,2025-09-10,34066,Card,REF-001092,True
1093,539.0,44,2025-09-06,48338,ACH,REF-001093,True
1094,539.0,44,2025-10-31,63584,Check,REF-001094,True
1095,540.0,44,2025-10-05,687890,Check,REF-001095,True
1096,541.0,44,2025-10-26,871124,Check,REF-001096,True
1097,542.0,44,2025-11-23,334980,Check,REF-001097,True
1098,542.0,44,2025-12-08,347070,Card,REF-001098,True
1099,542.0,44,2025-12-15,302442,Check,REF-001099,True
1100,543.0,44,2025-11-29,916271,Check,REF-001100,True
1101,544.0,44,2025-12-14,19386,Check,REF-001101,True
1102,544.0,44,2025-12-07,50699,ACH,REF-001102,True
1103,545.0,44,2025-12-08,1245496,Check,REF-001103,True
1104,546.0,44,2025-09-21,637257,Card,REF-001104,True
1105,546.0,44,2025-10-16,266230,Check,REF-001105,True
1106,546.0,44,2025-08-23,239222,ACH,REF-001106,True
1107,547.0,44,2025-09-12,220426,Card,REF-001107,True
1108,547.0,44,2025-09-02,198504,Card,REF-001108,True
1109,547.0,44,2025-09-05,135831,Check,REF-001109,True
1110,548.0,44,2025-10-10,104600,Card,REF-001110,True
1111,549.0,44,2025-11-22,68293,Wire,REF-001111,True
1112,549.0,44,2025-11-28,88810,Wire,REF-001112,True
1113,550.0,44,2025-11-21,59692,Card,REF-001113,True
1114,551.0,44,2025-11-05,2059202,ACH,REF-001114,True
1115,552.0,44,2025-08-22,457151,Card,REF-001115,True
1116,553.0,44,2025-12-22,1028336,Wire,REF-001116,True
1117,554.0,45,2025-10-07,84075,Wire,REF-001117,True
1118,554.0,45,2025-09-13,43424,Check,REF-001118,True
1119,554.0,45,2025-08-24,110524,ACH,REF-001119,True
1120,555.0,45,2025-09-01,711198,Wire,REF-001120,True
1121,555.0,45,2025-09-08,434003,ACH,REF-001121,True
1122,555.0,45,2025-08-25,692049,Wire,REF-001122,True
1123,556.0,45,2025-10-28,600846,ACH,REF-001123,True
1124,556.0,45,2025-09-16,472392,Check,REF-001124,True
1125,557.0,45,2025-09-18,220385,ACH,REF-001125,True
1126,557.0,45,2025-09-28,482603,Check,REF-001126,True
1127,558.0,45,2025-12-13,915987,Wire,REF-001127,True
1128,558.0,45,2025-12-02,476010,Card,REF-001128,True
1129,558.0,45,2025-11-23,1341260,Check,REF-001129,True
1130,559.0,45,2026-01-25,88262,Card,REF-001130,True
1131,560.0,45,2025-10-09,106126,Card,REF-001131,True
1132,560.0,45,2025-08-19,46117,Card,REF-001132,True
1133,560.0,45,2025-08-25,81022,Card,REF-001133,True
1134,561.0,45,2025-09-16,957650,Check,REF-001134,True
1135,562.0,45,2025-10-26,526224,Check,REF-001135,True
1136,562.0,45,2025-11-14,1098233,ACH,REF-001136,True
1137,563.0,45,2025-10-21,1712988,Check,REF-001137,True
1138,564.0,45,2025-12-17,87038,Wire,REF-001138,True
1139,564.0,45,2025-12-23,112138,Wire,REF-001139,True
1140,565.0,45,2025-11-15,329916,Check,REF-001140,True
1141,565.0,45,2025-12-23,93183,ACH,REF-001141,True
1142,565.0,45,2025-11-05,317685,Wire,REF-001142,True
1143,566.0,45,2025-11-12,1871992,Card,REF-001143,True
1144,567.0,45,2025-11-11,134442,Check,REF-001144,True
1145,567.0,45,2025-11-20,337587,ACH,REF-001145,True
1146,568.0,45,2025-11-11,508785,Check,REF-001146,True
1147,568.0,45,2025-11-28,885504,Card,REF-001147,True
1148,568.0,45,2025-11-12,853671,Check,REF-001148,True
1149,569.0,45,2025-12-21,35948,Card,REF-001149,True
1150,569.0,45,2025-12-10,118356,ACH,REF-001150,True
1151,570.0,46,2025-10-23,188651,Wire,REF-001151,True
1152,571.0,46,2025-12-09,73244,Check,REF-001152,True
1153,571.0,46,2026-01-05,36893,ACH,REF-001153,True
1154,571.0,46,2025-11-18,36079,Check,REF-001154,True
1155,572.0,46,2026-01-18,1131382,Check,REF-001155,True
1156,572.0,46,2025-12-12,534878,Card,REF-001156,True
1157,572.0,46,2026-01-12,621664,Wire,REF-001157,True
1158,573.0,46,2025-11-13,135183,Check,REF-001158,True
1159,574.0,46,2025-10-13,1423778,Card,REF-001159,True
1160,574.0,46,2025-10-09,2115647,Check,REF-001160,True
1161,575.0,46,2025-12-17,740896,Check,REF-001161,True
1162,576.0,46,2025-08-23,1212260,Wire,REF-001162,True
1163,576.0,46,2025-09-15,1792765,Wire,REF-001163,True
1164,577.0,47,2025-11-10,139120,ACH,REF-001164,True
1165,577.0,47,2025-11-12,168882,Card,REF-001165,True
1166,578.0,47,2025-12-14,466854,Card,REF-001166,True
1167,578.0,47,2025-11-29,422123,Card,REF-001167,True
1168,578.0,47,2025-12-07,329007,Check,REF-001168,True
1169,579.0,47,2025-10-02,582242,Wire,REF-001169,True
1170,580.0,47,2025-09-04,491210,Wire,REF-001170,True
1171,581.0,47,2025-10-15,268014,ACH,REF-001171,True
1172,581.0,47,2025-10-30,674996,ACH,REF-001172,True
1173,582.0,47,2025-11-12,586762,Check,REF-001173,True
1174,583.0,47,2025-09-20,121450,Wire,REF-001174,True
1175,583.0,47,2025-08-29,69155,ACH,REF-001175,True
1176,583.0,47,2025-08-20,87296,Wire,REF-001176,True
1177,584.0,47,2025-11-25,508108,Card,REF-001177,True
1178,585.0,47,2025-10-10,1120208,ACH,REF-001178,True
1179,585.0,47,2025-09-07,455550,Wire,REF-001179,True
1180,585.0,47,2025-10-25,443924,Check,REF-001180,True
1181,586.0,47,2025-12-31,770812,ACH,REF-001181,True
1182,586.0,47,2025-12-12,630678,ACH,REF-001182,True
1183,587.0,47,2025-09-26,531158,Card,REF-001183,True
1184,587.0,47,2025-09-18,457578,Card,REF-001184,True
1185,587.0,47,2025-10-05,426009,Wire,REF-001185,True
1186,588.0,47,2025-10-29,145017,Check,REF-001186,True
1187,588.0,47,2025-11-28,137859,ACH,REF-001187,True
1188,589.0,47,2025-11-09,387398,Check,REF-001188,True
1189,589.0,47,2025-11-20,124217,ACH,REF-001189,True
1190,589.0,47,2025-10-31,174166,ACH,REF-001190,True
1191,590.0,48,2025-10-23,885185,Card,REF-001191,True
1192,590.0,48,2025-10-13,1739378,ACH,REF-001192,True
1193,591.0,48,2025-12-09,537935,Check,REF-001193,True
1194,591.0,48,2025-10-14,668184,Wire,REF-001194,True
1195,591.0,48,2025-12-05,1256643,Wire,REF-001195,True
1196,592.0,48,2025-10-15,232758,Card,REF-001196,True
1197,592.0,48,2025-12-16,231392,Card,REF-001197,True
1198,593.0,48,2025-10-03,1002563,Check,REF-001198,True
1199,593.0,48,2025-10-18,676633,Check,REF-001199,True
1200,593.0,48,2025-10-05,599593,ACH,REF-001200,True
1201,594.0,48,2025-10-02,1181906,Check,REF-001201,True
1202,595.0,48,2025-11-30,995494,Wire,REF-001202,True
1203,595.0,48,2026-01-17,745603,Wire,REF-001203,True
1204,596.0,48,2025-11-09,1082225,Card,REF-001204,True
1205,597.0,48,2025-08-28,1514696,ACH,REF-001205,True
1206,597.0,48,2025-08-08,534170,Wire,REF-001206,True
1207,597.0,48,2025-10-02,504532,Check,REF-001207,True
1208,598.0,48,2025-11-15,174854,Wire,REF-001208,True
1209,598.0,48,2025-11-26,579278,Card,REF-001209,True
1210,599.0,48,2025-11-13,260804,Card,REF-001210,True
1211,599.0,48,2025-11-01,746235,ACH,REF-001211,True
1212,600.0,48,2025-10-03,1138380,ACH,REF-001212,True
1213,601.0,48,2025-10-01,492637,Wire,REF-001213,True
1214,601.0,48,2025-10-09,137832,ACH,REF-001214,True
1215,601.0,48,2025-10-17,432135,Wire,REF-001215,True
1216,602.0,48,2025-09-29,2538987,Card,REF-001216,True
1217,603.0,48,2026-01-04,748977,Card,REF-001217,True
1218,604.0,48,2025-10-18,574009,ACH,REF-001218,True
1219,605.0,48,2025-12-16,23142,ACH,REF-001219,True
1220,605.0,48,2025-12-23,72310,Wire,REF-001220,True
1221,606.0,49,2025-11-20,247245,Card,REF-001221,True
1222,606.0,49,2025-11-30,195595,Wire,REF-001222,True
1223,607.0,49,2025-11-14,35848,Card,REF-001223,True
1224,607.0,49,2025-12-03,33006,ACH,REF-001224,True
1225,608.0,49,2025-12-05,1343370,Card,REF-001225,True
1226,609.0,49,2025-11-16,163093,Wire,REF-001226,True
1227,609.0,49,2025-11-09,142785,ACH,REF-001227,True
1228,610.0,49,2025-10-31,217729,Card,REF-001228,True
1229,610.0,49,2025-10-09,360202,Check,REF-001229,True
1230,611.0,49,2026-01-01,268516,Wire,REF-001230,True
1231,611.0,49,2026-01-02,305972,Card,REF-001231,True
1232,612.0,49,2025-10-19,1298868,Wire,REF-001232,True
1233,613.0,49,2025-11-27,669833,Check,REF-001233,True
1234,614.0,49,2026-01-03,301190,Wire,REF-001234,True
1235,614.0,49,2025-12-04,272111,Check,REF-001235,True
1236,615.0,49,2025-12-11,634187,ACH,REF-001236,True
1237,615.0,49,2026-01-01,839079,ACH,REF-001237,True
1238,616.0,49,2025-10-18,187034,Card,REF-001238,True
1239,616.0,49,2025-12-02,126199,Check,REF-001239,True
1240,617.0,49,2025-12-11,565752,Check,REF-001240,True
1241,618.0,49,2025-12-06,321015,ACH,REF-001241,True
1242,618.0,49,2025-12-19,351205,Check,REF-001242,True
1243,619.0,49,2025-09-24,779412,ACH,REF-001243,True
1244,620.0,49,2025-09-01,281686,ACH,REF-001244,True
1245,620.0,49,2025-09-09,123573,Card,REF-001245,True
1246,620.0,49,2025-08-31,146059,ACH,REF-001246,True
1247,621.0,49,2025-09-21,687105,Wire,REF-001247,True
1248,621.0,49,2025-10-04,130970,Check,REF-001248,True
1249,621.0,49,2025-09-04,338724,ACH,REF-001249,True
1250,622.0,49,2025-08-22,132970,Card,REF-001250,True
1251,622.0,49,2025-10-05,39589,ACH,REF-001251,True
1252,622.0,49,2025-10-05,73755,Card,REF-001252,True
1253,623.0,50,2025-11-06,164042,Wire,REF-001253,True
1254,623.0,50,2025-11-20,81808,ACH,REF-001254,True
1255,623.0,50,2025-10-24,103418,Card,REF-001255,True
1256,624.0,50,2025-12-05,1495370,Check,REF-001256,True
1257,625.0,50,2025-11-10,1305667,Card,REF-001257,True
1258,626.0,50,2025-09-25,282441,Wire,REF-001258,True
1259,626.0,50,2025-10-24,192379,ACH,REF-001259,True
1260,627.0,50,2025-11-05,341514,Wire,REF-001260,True
1261,627.0,50,2025-10-10,236982,Card,REF-001261,True
1262,628.0,50,2025-09-14,107985,Wire,REF-001262,True
1263,628.0,50,2025-08-17,126546,ACH,REF-001263,True
1264,628.0,50,2025-08-04,279981,Check,REF-001264,True
1265,,28,2025-11-20,421400,Check,REF-001265,False
1266,,6,2025-11-16,283200,ACH,REF-001266,False
1267,,29,2025-11-20,478400,ACH,REF-001267,False
1268,,25,2025-11-11,238100,Card,REF-001268,False
1269,,50,2025-11-20,225400,ACH,REF-001269,False
1270,,27,2025-11-15,272300,Check,REF-001270,False
1271,,14,2025-11-14,135200,ACH,REF-001271,False
1272,,16,2025-11-14,95100,ACH,REF-001272,False
1273,,2,2025-11-16,225800,ACH,REF-001273,False
1274,,7,2025-11-11,463600,Wire,REF-001274,False
1275,,22,2025-11-18,383800,ACH,REF-001275,False
1276,,13,2025-11-14,402000,Card,REF-001276,False
1277,,45,2025-11-15,371800,Wire,REF-001277,False
1278,,37,2025-11-20,333700,Wire,REF-001278,False
1279,,39,2025-11-20,473900,ACH,REF-001279,False
1280,,34,2025-11-15,191900,Check,REF-001280,False
1281,,47,2025-11-18,341700,Check,REF-001281,False
1282,,32,2025-11-20,424400,ACH,REF-001282,False
1283,,41,2025-11-16,467500,Check,REF-001283,False
1284,,44,2025-11-12,136400,ACH,REF-001284,False
